word,source,date,title,frequency
Ce,Slate.fr,27 janvier 2025 à 13h09,"Avec la «règle du bâillon mondial», Donald Trump va entraver l'accès à l'avortement dans le monde entier",1
vendredi,Slate.fr,27 janvier 2025 à 13h09,"Avec la «règle du bâillon mondial», Donald Trump va entraver l'accès à l'avortement dans le monde entier",1
24,Slate.fr,27 janvier 2025 à 13h09,"Avec la «règle du bâillon mondial», Donald Trump va entraver l'accès à l'avortement dans le monde entier",1
"janvier,",Slate.fr,27 janvier 2025 à 13h09,"Avec la «règle du bâillon mondial», Donald Trump va entraver l'accès à l'avortement dans le monde entier",1
moins,Slate.fr,27 janvier 2025 à 13h09,"Avec la «règle du bâillon mondial», Donald Trump va entraver l'accès à l'avortement dans le monde entier",1
d'une,Slate.fr,27 janvier 2025 à 13h09,"Avec la «règle du bâillon mondial», Donald Trump va entraver l'accès à l'avortement dans le monde entier",2
semaine,Slate.fr,27 janvier 2025 à 13h09,"Avec la «règle du bâillon mondial», Donald Trump va entraver l'accès à l'avortement dans le monde entier",1
après,Slate.fr,27 janvier 2025 à 13h09,"Avec la «règle du bâillon mondial», Donald Trump va entraver l'accès à l'avortement dans le monde entier",1
avoir,Slate.fr,27 janvier 2025 à 13h09,"Avec la «règle du bâillon mondial», Donald Trump va entraver l'accès à l'avortement dans le monde entier",2
été,Slate.fr,27 janvier 2025 à 13h09,"Avec la «règle du bâillon mondial», Donald Trump va entraver l'accès à l'avortement dans le monde entier",6
investi,Slate.fr,27 janvier 2025 à 13h09,"Avec la «règle du bâillon mondial», Donald Trump va entraver l'accès à l'avortement dans le monde entier",1
pour,Slate.fr,27 janvier 2025 à 13h09,"Avec la «règle du bâillon mondial», Donald Trump va entraver l'accès à l'avortement dans le monde entier",6
son,Slate.fr,27 janvier 2025 à 13h09,"Avec la «règle du bâillon mondial», Donald Trump va entraver l'accès à l'avortement dans le monde entier",1
second,Slate.fr,27 janvier 2025 à 13h09,"Avec la «règle du bâillon mondial», Donald Trump va entraver l'accès à l'avortement dans le monde entier",1
mandat,Slate.fr,27 janvier 2025 à 13h09,"Avec la «règle du bâillon mondial», Donald Trump va entraver l'accès à l'avortement dans le monde entier",3
"présidentiel,",Slate.fr,27 janvier 2025 à 13h09,"Avec la «règle du bâillon mondial», Donald Trump va entraver l'accès à l'avortement dans le monde entier",1
Donald,Slate.fr,27 janvier 2025 à 13h09,"Avec la «règle du bâillon mondial», Donald Trump va entraver l'accès à l'avortement dans le monde entier",3
Trump,Slate.fr,27 janvier 2025 à 13h09,"Avec la «règle du bâillon mondial», Donald Trump va entraver l'accès à l'avortement dans le monde entier",3
a,Slate.fr,27 janvier 2025 à 13h09,"Avec la «règle du bâillon mondial», Donald Trump va entraver l'accès à l'avortement dans le monde entier",5
porté,Slate.fr,27 janvier 2025 à 13h09,"Avec la «règle du bâillon mondial», Donald Trump va entraver l'accès à l'avortement dans le monde entier",1
une,Slate.fr,27 janvier 2025 à 13h09,"Avec la «règle du bâillon mondial», Donald Trump va entraver l'accès à l'avortement dans le monde entier",1
attaque,Slate.fr,27 janvier 2025 à 13h09,"Avec la «règle du bâillon mondial», Donald Trump va entraver l'accès à l'avortement dans le monde entier",1
importante,Slate.fr,27 janvier 2025 à 13h09,"Avec la «règle du bâillon mondial», Donald Trump va entraver l'accès à l'avortement dans le monde entier",1
au,Slate.fr,27 janvier 2025 à 13h09,"Avec la «règle du bâillon mondial», Donald Trump va entraver l'accès à l'avortement dans le monde entier",4
droit,Slate.fr,27 janvier 2025 à 13h09,"Avec la «règle du bâillon mondial», Donald Trump va entraver l'accès à l'avortement dans le monde entier",3
à,Slate.fr,27 janvier 2025 à 13h09,"Avec la «règle du bâillon mondial», Donald Trump va entraver l'accès à l'avortement dans le monde entier",15
l'avortement.,Slate.fr,27 janvier 2025 à 13h09,"Avec la «règle du bâillon mondial», Donald Trump va entraver l'accès à l'avortement dans le monde entier",1
Parmi,Slate.fr,27 janvier 2025 à 13h09,"Avec la «règle du bâillon mondial», Donald Trump va entraver l'accès à l'avortement dans le monde entier",1
les,Slate.fr,27 janvier 2025 à 13h09,"Avec la «règle du bâillon mondial», Donald Trump va entraver l'accès à l'avortement dans le monde entier",14
dizaines,Slate.fr,27 janvier 2025 à 13h09,"Avec la «règle du bâillon mondial», Donald Trump va entraver l'accès à l'avortement dans le monde entier",1
de,Slate.fr,27 janvier 2025 à 13h09,"Avec la «règle du bâillon mondial», Donald Trump va entraver l'accès à l'avortement dans le monde entier",27
décrets,Slate.fr,27 janvier 2025 à 13h09,"Avec la «règle du bâillon mondial», Donald Trump va entraver l'accès à l'avortement dans le monde entier",1
déjà,Slate.fr,27 janvier 2025 à 13h09,"Avec la «règle du bâillon mondial», Donald Trump va entraver l'accès à l'avortement dans le monde entier",1
signés,Slate.fr,27 janvier 2025 à 13h09,"Avec la «règle du bâillon mondial», Donald Trump va entraver l'accès à l'avortement dans le monde entier",1
par,Slate.fr,27 janvier 2025 à 13h09,"Avec la «règle du bâillon mondial», Donald Trump va entraver l'accès à l'avortement dans le monde entier",1
le,Slate.fr,27 janvier 2025 à 13h09,"Avec la «règle du bâillon mondial», Donald Trump va entraver l'accès à l'avortement dans le monde entier",9
chef,Slate.fr,27 janvier 2025 à 13h09,"Avec la «règle du bâillon mondial», Donald Trump va entraver l'accès à l'avortement dans le monde entier",1
"d'État,",Slate.fr,27 janvier 2025 à 13h09,"Avec la «règle du bâillon mondial», Donald Trump va entraver l'accès à l'avortement dans le monde entier",1
l'un,Slate.fr,27 janvier 2025 à 13h09,"Avec la «règle du bâillon mondial», Donald Trump va entraver l'accès à l'avortement dans le monde entier",1
visait,Slate.fr,27 janvier 2025 à 13h09,"Avec la «règle du bâillon mondial», Donald Trump va entraver l'accès à l'avortement dans le monde entier",1
rétablir,Slate.fr,27 janvier 2025 à 13h09,"Avec la «règle du bâillon mondial», Donald Trump va entraver l'accès à l'avortement dans le monde entier",1
la,Slate.fr,27 janvier 2025 à 13h09,"Avec la «règle du bâillon mondial», Donald Trump va entraver l'accès à l'avortement dans le monde entier",12
«règle,Slate.fr,27 janvier 2025 à 13h09,"Avec la «règle du bâillon mondial», Donald Trump va entraver l'accès à l'avortement dans le monde entier",1
du,Slate.fr,27 janvier 2025 à 13h09,"Avec la «règle du bâillon mondial», Donald Trump va entraver l'accès à l'avortement dans le monde entier",10
bâillon,Slate.fr,27 janvier 2025 à 13h09,"Avec la «règle du bâillon mondial», Donald Trump va entraver l'accès à l'avortement dans le monde entier",4
mondial».,Slate.fr,27 janvier 2025 à 13h09,"Avec la «règle du bâillon mondial», Donald Trump va entraver l'accès à l'avortement dans le monde entier",1
Un,Slate.fr,27 janvier 2025 à 13h09,"Avec la «règle du bâillon mondial», Donald Trump va entraver l'accès à l'avortement dans le monde entier",1
texte,Slate.fr,27 janvier 2025 à 13h09,"Avec la «règle du bâillon mondial», Donald Trump va entraver l'accès à l'avortement dans le monde entier",3
loi,Slate.fr,27 janvier 2025 à 13h09,"Avec la «règle du bâillon mondial», Donald Trump va entraver l'accès à l'avortement dans le monde entier",2
qui,Slate.fr,27 janvier 2025 à 13h09,"Avec la «règle du bâillon mondial», Donald Trump va entraver l'accès à l'avortement dans le monde entier",3
limite,Slate.fr,27 janvier 2025 à 13h09,"Avec la «règle du bâillon mondial», Donald Trump va entraver l'accès à l'avortement dans le monde entier",1
l'accès,Slate.fr,27 janvier 2025 à 13h09,"Avec la «règle du bâillon mondial», Donald Trump va entraver l'accès à l'avortement dans le monde entier",1
l'IVG,Slate.fr,27 janvier 2025 à 13h09,"Avec la «règle du bâillon mondial», Donald Trump va entraver l'accès à l'avortement dans le monde entier",1
non,Slate.fr,27 janvier 2025 à 13h09,"Avec la «règle du bâillon mondial», Donald Trump va entraver l'accès à l'avortement dans le monde entier",2
pas,Slate.fr,27 janvier 2025 à 13h09,"Avec la «règle du bâillon mondial», Donald Trump va entraver l'accès à l'avortement dans le monde entier",4
aux,Slate.fr,27 janvier 2025 à 13h09,"Avec la «règle du bâillon mondial», Donald Trump va entraver l'accès à l'avortement dans le monde entier",2
"États-Unis,",Slate.fr,27 janvier 2025 à 13h09,"Avec la «règle du bâillon mondial», Donald Trump va entraver l'accès à l'avortement dans le monde entier",1
mais,Slate.fr,27 janvier 2025 à 13h09,"Avec la «règle du bâillon mondial», Donald Trump va entraver l'accès à l'avortement dans le monde entier",1
partout,Slate.fr,27 janvier 2025 à 13h09,"Avec la «règle du bâillon mondial», Donald Trump va entraver l'accès à l'avortement dans le monde entier",1
ailleurs,Slate.fr,27 janvier 2025 à 13h09,"Avec la «règle du bâillon mondial», Donald Trump va entraver l'accès à l'avortement dans le monde entier",1
dans,Slate.fr,27 janvier 2025 à 13h09,"Avec la «règle du bâillon mondial», Donald Trump va entraver l'accès à l'avortement dans le monde entier",3
monde.,Slate.fr,27 janvier 2025 à 13h09,"Avec la «règle du bâillon mondial», Donald Trump va entraver l'accès à l'avortement dans le monde entier",1
La,Slate.fr,27 janvier 2025 à 13h09,"Avec la «règle du bâillon mondial», Donald Trump va entraver l'accès à l'avortement dans le monde entier",2
règle,Slate.fr,27 janvier 2025 à 13h09,"Avec la «règle du bâillon mondial», Donald Trump va entraver l'accès à l'avortement dans le monde entier",3
mondial,Slate.fr,27 janvier 2025 à 13h09,"Avec la «règle du bâillon mondial», Donald Trump va entraver l'accès à l'avortement dans le monde entier",3
est,Slate.fr,27 janvier 2025 à 13h09,"Avec la «règle du bâillon mondial», Donald Trump va entraver l'accès à l'avortement dans le monde entier",2
aussi,Slate.fr,27 janvier 2025 à 13h09,"Avec la «règle du bâillon mondial», Donald Trump va entraver l'accès à l'avortement dans le monde entier",1
appelée,Slate.fr,27 janvier 2025 à 13h09,"Avec la «règle du bâillon mondial», Donald Trump va entraver l'accès à l'avortement dans le monde entier",1
«Mexico,Slate.fr,27 janvier 2025 à 13h09,"Avec la «règle du bâillon mondial», Donald Trump va entraver l'accès à l'avortement dans le monde entier",1
City,Slate.fr,27 janvier 2025 à 13h09,"Avec la «règle du bâillon mondial», Donald Trump va entraver l'accès à l'avortement dans le monde entier",1
"Policy»,",Slate.fr,27 janvier 2025 à 13h09,"Avec la «règle du bâillon mondial», Donald Trump va entraver l'accès à l'avortement dans le monde entier",1
en,Slate.fr,27 janvier 2025 à 13h09,"Avec la «règle du bâillon mondial», Donald Trump va entraver l'accès à l'avortement dans le monde entier",8
référence,Slate.fr,27 janvier 2025 à 13h09,"Avec la «règle du bâillon mondial», Donald Trump va entraver l'accès à l'avortement dans le monde entier",1
lieu,Slate.fr,27 janvier 2025 à 13h09,"Avec la «règle du bâillon mondial», Donald Trump va entraver l'accès à l'avortement dans le monde entier",1
où,Slate.fr,27 janvier 2025 à 13h09,"Avec la «règle du bâillon mondial», Donald Trump va entraver l'accès à l'avortement dans le monde entier",1
sa,Slate.fr,27 janvier 2025 à 13h09,"Avec la «règle du bâillon mondial», Donald Trump va entraver l'accès à l'avortement dans le monde entier",1
première,Slate.fr,27 janvier 2025 à 13h09,"Avec la «règle du bâillon mondial», Donald Trump va entraver l'accès à l'avortement dans le monde entier",1
version,Slate.fr,27 janvier 2025 à 13h09,"Avec la «règle du bâillon mondial», Donald Trump va entraver l'accès à l'avortement dans le monde entier",1
"annoncée,",Slate.fr,27 janvier 2025 à 13h09,"Avec la «règle du bâillon mondial», Donald Trump va entraver l'accès à l'avortement dans le monde entier",1
1984.,Slate.fr,27 janvier 2025 à 13h09,"Avec la «règle du bâillon mondial», Donald Trump va entraver l'accès à l'avortement dans le monde entier",1
Elle,Slate.fr,27 janvier 2025 à 13h09,"Avec la «règle du bâillon mondial», Donald Trump va entraver l'accès à l'avortement dans le monde entier",1
s'applique,Slate.fr,27 janvier 2025 à 13h09,"Avec la «règle du bâillon mondial», Donald Trump va entraver l'accès à l'avortement dans le monde entier",1
pays,Slate.fr,27 janvier 2025 à 13h09,"Avec la «règle du bâillon mondial», Donald Trump va entraver l'accès à l'avortement dans le monde entier",2
dont,Slate.fr,27 janvier 2025 à 13h09,"Avec la «règle du bâillon mondial», Donald Trump va entraver l'accès à l'avortement dans le monde entier",1
système,Slate.fr,27 janvier 2025 à 13h09,"Avec la «règle du bâillon mondial», Donald Trump va entraver l'accès à l'avortement dans le monde entier",1
santé,Slate.fr,27 janvier 2025 à 13h09,"Avec la «règle du bâillon mondial», Donald Trump va entraver l'accès à l'avortement dans le monde entier",3
reçoit,Slate.fr,27 janvier 2025 à 13h09,"Avec la «règle du bâillon mondial», Donald Trump va entraver l'accès à l'avortement dans le monde entier",1
l'aide,Slate.fr,27 janvier 2025 à 13h09,"Avec la «règle du bâillon mondial», Donald Trump va entraver l'accès à l'avortement dans le monde entier",1
financière,Slate.fr,27 janvier 2025 à 13h09,"Avec la «règle du bâillon mondial», Donald Trump va entraver l'accès à l'avortement dans le monde entier",1
part,Slate.fr,27 janvier 2025 à 13h09,"Avec la «règle du bâillon mondial», Donald Trump va entraver l'accès à l'avortement dans le monde entier",1
des,Slate.fr,27 janvier 2025 à 13h09,"Avec la «règle du bâillon mondial», Donald Trump va entraver l'accès à l'avortement dans le monde entier",8
États-Unis.,Slate.fr,27 janvier 2025 à 13h09,"Avec la «règle du bâillon mondial», Donald Trump va entraver l'accès à l'avortement dans le monde entier",1
Sous,Slate.fr,27 janvier 2025 à 13h09,"Avec la «règle du bâillon mondial», Donald Trump va entraver l'accès à l'avortement dans le monde entier",1
prétexte,Slate.fr,27 janvier 2025 à 13h09,"Avec la «règle du bâillon mondial», Donald Trump va entraver l'accès à l'avortement dans le monde entier",1
ne,Slate.fr,27 janvier 2025 à 13h09,"Avec la «règle du bâillon mondial», Donald Trump va entraver l'accès à l'avortement dans le monde entier",3
vouloir,Slate.fr,27 janvier 2025 à 13h09,"Avec la «règle du bâillon mondial», Donald Trump va entraver l'accès à l'avortement dans le monde entier",1
financer,Slate.fr,27 janvier 2025 à 13h09,"Avec la «règle du bâillon mondial», Donald Trump va entraver l'accès à l'avortement dans le monde entier",1
d'avortements,Slate.fr,27 janvier 2025 à 13h09,"Avec la «règle du bâillon mondial», Donald Trump va entraver l'accès à l'avortement dans le monde entier",2
"l'étranger,",Slate.fr,27 janvier 2025 à 13h09,"Avec la «règle du bâillon mondial», Donald Trump va entraver l'accès à l'avortement dans le monde entier",1
elle,Slate.fr,27 janvier 2025 à 13h09,"Avec la «règle du bâillon mondial», Donald Trump va entraver l'accès à l'avortement dans le monde entier",1
y,Slate.fr,27 janvier 2025 à 13h09,"Avec la «règle du bâillon mondial», Donald Trump va entraver l'accès à l'avortement dans le monde entier",1
entrave,Slate.fr,27 janvier 2025 à 13h09,"Avec la «règle du bâillon mondial», Donald Trump va entraver l'accès à l'avortement dans le monde entier",1
développement,Slate.fr,27 janvier 2025 à 13h09,"Avec la «règle du bâillon mondial», Donald Trump va entraver l'accès à l'avortement dans le monde entier",1
politiques,Slate.fr,27 janvier 2025 à 13h09,"Avec la «règle du bâillon mondial», Donald Trump va entraver l'accès à l'avortement dans le monde entier",1
visant,Slate.fr,27 janvier 2025 à 13h09,"Avec la «règle du bâillon mondial», Donald Trump va entraver l'accès à l'avortement dans le monde entier",1
rendre,Slate.fr,27 janvier 2025 à 13h09,"Avec la «règle du bâillon mondial», Donald Trump va entraver l'accès à l'avortement dans le monde entier",1
accessible,Slate.fr,27 janvier 2025 à 13h09,"Avec la «règle du bâillon mondial», Donald Trump va entraver l'accès à l'avortement dans le monde entier",1
l'IVG.,Slate.fr,27 janvier 2025 à 13h09,"Avec la «règle du bâillon mondial», Donald Trump va entraver l'accès à l'avortement dans le monde entier",1
The,Slate.fr,27 janvier 2025 à 13h09,"Avec la «règle du bâillon mondial», Donald Trump va entraver l'accès à l'avortement dans le monde entier",1
Washington,Slate.fr,27 janvier 2025 à 13h09,"Avec la «règle du bâillon mondial», Donald Trump va entraver l'accès à l'avortement dans le monde entier",1
Post,Slate.fr,27 janvier 2025 à 13h09,"Avec la «règle du bâillon mondial», Donald Trump va entraver l'accès à l'avortement dans le monde entier",1
présente,Slate.fr,27 janvier 2025 à 13h09,"Avec la «règle du bâillon mondial», Donald Trump va entraver l'accès à l'avortement dans le monde entier",1
ses,Slate.fr,27 janvier 2025 à 13h09,"Avec la «règle du bâillon mondial», Donald Trump va entraver l'accès à l'avortement dans le monde entier",2
effets,Slate.fr,27 janvier 2025 à 13h09,"Avec la «règle du bâillon mondial», Donald Trump va entraver l'accès à l'avortement dans le monde entier",1
ces,Slate.fr,27 janvier 2025 à 13h09,"Avec la «règle du bâillon mondial», Donald Trump va entraver l'accès à l'avortement dans le monde entier",2
termes:,Slate.fr,27 janvier 2025 à 13h09,"Avec la «règle du bâillon mondial», Donald Trump va entraver l'accès à l'avortement dans le monde entier",1
«interdit,Slate.fr,27 janvier 2025 à 13h09,"Avec la «règle du bâillon mondial», Donald Trump va entraver l'accès à l'avortement dans le monde entier",1
organisations,Slate.fr,27 janvier 2025 à 13h09,"Avec la «règle du bâillon mondial», Donald Trump va entraver l'accès à l'avortement dans le monde entier",1
reçoivent,Slate.fr,27 janvier 2025 à 13h09,"Avec la «règle du bâillon mondial», Donald Trump va entraver l'accès à l'avortement dans le monde entier",1
fonds,Slate.fr,27 janvier 2025 à 13h09,"Avec la «règle du bâillon mondial», Donald Trump va entraver l'accès à l'avortement dans le monde entier",1
américains,Slate.fr,27 janvier 2025 à 13h09,"Avec la «règle du bâillon mondial», Donald Trump va entraver l'accès à l'avortement dans le monde entier",1
"mondiale,",Slate.fr,27 janvier 2025 à 13h09,"Avec la «règle du bâillon mondial», Donald Trump va entraver l'accès à l'avortement dans le monde entier",1
quelques,Slate.fr,27 janvier 2025 à 13h09,"Avec la «règle du bâillon mondial», Donald Trump va entraver l'accès à l'avortement dans le monde entier",1
exceptions,Slate.fr,27 janvier 2025 à 13h09,"Avec la «règle du bâillon mondial», Donald Trump va entraver l'accès à l'avortement dans le monde entier",1
"près,",Slate.fr,27 janvier 2025 à 13h09,"Avec la «règle du bâillon mondial», Donald Trump va entraver l'accès à l'avortement dans le monde entier",1
pratiquer,Slate.fr,27 janvier 2025 à 13h09,"Avec la «règle du bâillon mondial», Donald Trump va entraver l'accès à l'avortement dans le monde entier",1
"avortements,",Slate.fr,27 janvier 2025 à 13h09,"Avec la «règle du bâillon mondial», Donald Trump va entraver l'accès à l'avortement dans le monde entier",1
conseiller,Slate.fr,27 janvier 2025 à 13h09,"Avec la «règle du bâillon mondial», Donald Trump va entraver l'accès à l'avortement dans le monde entier",1
ou,Slate.fr,27 janvier 2025 à 13h09,"Avec la «règle du bâillon mondial», Donald Trump va entraver l'accès à l'avortement dans le monde entier",2
fournir,Slate.fr,27 janvier 2025 à 13h09,"Avec la «règle du bâillon mondial», Donald Trump va entraver l'accès à l'avortement dans le monde entier",2
informations,Slate.fr,27 janvier 2025 à 13h09,"Avec la «règle du bâillon mondial», Donald Trump va entraver l'accès à l'avortement dans le monde entier",1
sur,Slate.fr,27 janvier 2025 à 13h09,"Avec la «règle du bâillon mondial», Donald Trump va entraver l'accès à l'avortement dans le monde entier",1
possibilité,Slate.fr,27 janvier 2025 à 13h09,"Avec la «règle du bâillon mondial», Donald Trump va entraver l'accès à l'avortement dans le monde entier",1
"d'avorter,",Slate.fr,27 janvier 2025 à 13h09,"Avec la «règle du bâillon mondial», Donald Trump va entraver l'accès à l'avortement dans le monde entier",1
plaider,Slate.fr,27 janvier 2025 à 13h09,"Avec la «règle du bâillon mondial», Donald Trump va entraver l'accès à l'avortement dans le monde entier",1
faveur,Slate.fr,27 janvier 2025 à 13h09,"Avec la «règle du bâillon mondial», Donald Trump va entraver l'accès à l'avortement dans le monde entier",1
libéralisation,Slate.fr,27 janvier 2025 à 13h09,"Avec la «règle du bâillon mondial», Donald Trump va entraver l'accès à l'avortement dans le monde entier",1
"l'avortement,",Slate.fr,27 janvier 2025 à 13h09,"Avec la «règle du bâillon mondial», Donald Trump va entraver l'accès à l'avortement dans le monde entier",1
quelle,Slate.fr,27 janvier 2025 à 13h09,"Avec la «règle du bâillon mondial», Donald Trump va entraver l'accès à l'avortement dans le monde entier",1
que,Slate.fr,27 janvier 2025 à 13h09,"Avec la «règle du bâillon mondial», Donald Trump va entraver l'accès à l'avortement dans le monde entier",3
soit,Slate.fr,27 janvier 2025 à 13h09,"Avec la «règle du bâillon mondial», Donald Trump va entraver l'accès à l'avortement dans le monde entier",1
source,Slate.fr,27 janvier 2025 à 13h09,"Avec la «règle du bâillon mondial», Donald Trump va entraver l'accès à l'avortement dans le monde entier",1
l'argent,Slate.fr,27 janvier 2025 à 13h09,"Avec la «règle du bâillon mondial», Donald Trump va entraver l'accès à l'avortement dans le monde entier",1
qu'elles,Slate.fr,27 janvier 2025 à 13h09,"Avec la «règle du bâillon mondial», Donald Trump va entraver l'accès à l'avortement dans le monde entier",1
utilisent,Slate.fr,27 janvier 2025 à 13h09,"Avec la «règle du bâillon mondial», Donald Trump va entraver l'accès à l'avortement dans le monde entier",1
services»,Slate.fr,27 janvier 2025 à 13h09,"Avec la «règle du bâillon mondial», Donald Trump va entraver l'accès à l'avortement dans le monde entier",1
.,Slate.fr,27 janvier 2025 à 13h09,"Avec la «règle du bâillon mondial», Donald Trump va entraver l'accès à l'avortement dans le monde entier",5
Autrement,Slate.fr,27 janvier 2025 à 13h09,"Avec la «règle du bâillon mondial», Donald Trump va entraver l'accès à l'avortement dans le monde entier",1
"dit,",Slate.fr,27 janvier 2025 à 13h09,"Avec la «règle du bâillon mondial», Donald Trump va entraver l'accès à l'avortement dans le monde entier",1
d'après,Slate.fr,27 janvier 2025 à 13h09,"Avec la «règle du bâillon mondial», Donald Trump va entraver l'accès à l'avortement dans le monde entier",1
Guttmacher,Slate.fr,27 janvier 2025 à 13h09,"Avec la «règle du bâillon mondial», Donald Trump va entraver l'accès à l'avortement dans le monde entier",1
"Institute,",Slate.fr,27 janvier 2025 à 13h09,"Avec la «règle du bâillon mondial», Donald Trump va entraver l'accès à l'avortement dans le monde entier",1
organisation,Slate.fr,27 janvier 2025 à 13h09,"Avec la «règle du bâillon mondial», Donald Trump va entraver l'accès à l'avortement dans le monde entier",1
américaine,Slate.fr,27 janvier 2025 à 13h09,"Avec la «règle du bâillon mondial», Donald Trump va entraver l'accès à l'avortement dans le monde entier",3
soutien,Slate.fr,27 janvier 2025 à 13h09,"Avec la «règle du bâillon mondial», Donald Trump va entraver l'accès à l'avortement dans le monde entier",1
l',Slate.fr,27 janvier 2025 à 13h09,"Avec la «règle du bâillon mondial», Donald Trump va entraver l'accès à l'avortement dans le monde entier",1
avortement,Slate.fr,27 janvier 2025 à 13h09,"Avec la «règle du bâillon mondial», Donald Trump va entraver l'accès à l'avortement dans le monde entier",1
",",Slate.fr,27 janvier 2025 à 13h09,"Avec la «règle du bâillon mondial», Donald Trump va entraver l'accès à l'avortement dans le monde entier",5
«un,Slate.fr,27 janvier 2025 à 13h09,"Avec la «règle du bâillon mondial», Donald Trump va entraver l'accès à l'avortement dans le monde entier",1
seul,Slate.fr,27 janvier 2025 à 13h09,"Avec la «règle du bâillon mondial», Donald Trump va entraver l'accès à l'avortement dans le monde entier",1
dollar,Slate.fr,27 janvier 2025 à 13h09,"Avec la «règle du bâillon mondial», Donald Trump va entraver l'accès à l'avortement dans le monde entier",1
d'argent,Slate.fr,27 janvier 2025 à 13h09,"Avec la «règle du bâillon mondial», Donald Trump va entraver l'accès à l'avortement dans le monde entier",1
américain,Slate.fr,27 janvier 2025 à 13h09,"Avec la «règle du bâillon mondial», Donald Trump va entraver l'accès à l'avortement dans le monde entier",1
contamine,Slate.fr,27 janvier 2025 à 13h09,"Avec la «règle du bâillon mondial», Donald Trump va entraver l'accès à l'avortement dans le monde entier",1
l'ensemble,Slate.fr,27 janvier 2025 à 13h09,"Avec la «règle du bâillon mondial», Donald Trump va entraver l'accès à l'avortement dans le monde entier",1
budget,Slate.fr,27 janvier 2025 à 13h09,"Avec la «règle du bâillon mondial», Donald Trump va entraver l'accès à l'avortement dans le monde entier",1
fonctionnement,Slate.fr,27 janvier 2025 à 13h09,"Avec la «règle du bâillon mondial», Donald Trump va entraver l'accès à l'avortement dans le monde entier",1
organisation»,Slate.fr,27 janvier 2025 à 13h09,"Avec la «règle du bâillon mondial», Donald Trump va entraver l'accès à l'avortement dans le monde entier",1
un,Slate.fr,27 janvier 2025 à 13h09,"Avec la «règle du bâillon mondial», Donald Trump va entraver l'accès à l'avortement dans le monde entier",3
champs,Slate.fr,27 janvier 2025 à 13h09,"Avec la «règle du bâillon mondial», Donald Trump va entraver l'accès à l'avortement dans le monde entier",1
bataille,Slate.fr,27 janvier 2025 à 13h09,"Avec la «règle du bâillon mondial», Donald Trump va entraver l'accès à l'avortement dans le monde entier",1
symbolisent,Slate.fr,27 janvier 2025 à 13h09,"Avec la «règle du bâillon mondial», Donald Trump va entraver l'accès à l'avortement dans le monde entier",1
l'alternance,Slate.fr,27 janvier 2025 à 13h09,"Avec la «règle du bâillon mondial», Donald Trump va entraver l'accès à l'avortement dans le monde entier",1
Maison-Blanche,Slate.fr,27 janvier 2025 à 13h09,"Avec la «règle du bâillon mondial», Donald Trump va entraver l'accès à l'avortement dans le monde entier",1
entre,Slate.fr,27 janvier 2025 à 13h09,"Avec la «règle du bâillon mondial», Donald Trump va entraver l'accès à l'avortement dans le monde entier",1
Démocrates,Slate.fr,27 janvier 2025 à 13h09,"Avec la «règle du bâillon mondial», Donald Trump va entraver l'accès à l'avortement dans le monde entier",2
et,Slate.fr,27 janvier 2025 à 13h09,"Avec la «règle du bâillon mondial», Donald Trump va entraver l'accès à l'avortement dans le monde entier",5
Républicains.,Slate.fr,27 janvier 2025 à 13h09,"Avec la «règle du bâillon mondial», Donald Trump va entraver l'accès à l'avortement dans le monde entier",1
Déjà,Slate.fr,27 janvier 2025 à 13h09,"Avec la «règle du bâillon mondial», Donald Trump va entraver l'accès à l'avortement dans le monde entier",1
"2017,",Slate.fr,27 janvier 2025 à 13h09,"Avec la «règle du bâillon mondial», Donald Trump va entraver l'accès à l'avortement dans le monde entier",1
l'avait,Slate.fr,27 janvier 2025 à 13h09,"Avec la «règle du bâillon mondial», Donald Trump va entraver l'accès à l'avortement dans le monde entier",2
rétablie;,Slate.fr,27 janvier 2025 à 13h09,"Avec la «règle du bâillon mondial», Donald Trump va entraver l'accès à l'avortement dans le monde entier",1
"2021,",Slate.fr,27 janvier 2025 à 13h09,"Avec la «règle du bâillon mondial», Donald Trump va entraver l'accès à l'avortement dans le monde entier",1
Joe,Slate.fr,27 janvier 2025 à 13h09,"Avec la «règle du bâillon mondial», Donald Trump va entraver l'accès à l'avortement dans le monde entier",2
Biden,Slate.fr,27 janvier 2025 à 13h09,"Avec la «règle du bâillon mondial», Donald Trump va entraver l'accès à l'avortement dans le monde entier",2
abrogée,Slate.fr,27 janvier 2025 à 13h09,"Avec la «règle du bâillon mondial», Donald Trump va entraver l'accès à l'avortement dans le monde entier",1
«Chaque,Slate.fr,27 janvier 2025 à 13h09,"Avec la «règle du bâillon mondial», Donald Trump va entraver l'accès à l'avortement dans le monde entier",1
fois,Slate.fr,27 janvier 2025 à 13h09,"Avec la «règle du bâillon mondial», Donald Trump va entraver l'accès à l'avortement dans le monde entier",1
cette,Slate.fr,27 janvier 2025 à 13h09,"Avec la «règle du bâillon mondial», Donald Trump va entraver l'accès à l'avortement dans le monde entier",1
politique,Slate.fr,27 janvier 2025 à 13h09,"Avec la «règle du bâillon mondial», Donald Trump va entraver l'accès à l'avortement dans le monde entier",1
adoptée…,Slate.fr,27 janvier 2025 à 13h09,"Avec la «règle du bâillon mondial», Donald Trump va entraver l'accès à l'avortement dans le monde entier",1
cliniques,Slate.fr,27 janvier 2025 à 13h09,"Avec la «règle du bâillon mondial», Donald Trump va entraver l'accès à l'avortement dans le monde entier",1
soins,Slate.fr,27 janvier 2025 à 13h09,"Avec la «règle du bâillon mondial», Donald Trump va entraver l'accès à l'avortement dans le monde entier",1
nombreux,Slate.fr,27 janvier 2025 à 13h09,"Avec la «règle du bâillon mondial», Donald Trump va entraver l'accès à l'avortement dans le monde entier",1
ont,Slate.fr,27 janvier 2025 à 13h09,"Avec la «règle du bâillon mondial», Donald Trump va entraver l'accès à l'avortement dans le monde entier",4
obligées,Slate.fr,27 janvier 2025 à 13h09,"Avec la «règle du bâillon mondial», Donald Trump va entraver l'accès à l'avortement dans le monde entier",1
fermer,Slate.fr,27 janvier 2025 à 13h09,"Avec la «règle du bâillon mondial», Donald Trump va entraver l'accès à l'avortement dans le monde entier",1
services,Slate.fr,27 janvier 2025 à 13h09,"Avec la «règle du bâillon mondial», Donald Trump va entraver l'accès à l'avortement dans le monde entier",1
proximité,Slate.fr,27 janvier 2025 à 13h09,"Avec la «règle du bâillon mondial», Donald Trump va entraver l'accès à l'avortement dans le monde entier",1
populations,Slate.fr,27 janvier 2025 à 13h09,"Avec la «règle du bâillon mondial», Donald Trump va entraver l'accès à l'avortement dans le monde entier",1
plus,Slate.fr,27 janvier 2025 à 13h09,"Avec la «règle du bâillon mondial», Donald Trump va entraver l'accès à l'avortement dans le monde entier",2
difficiles,Slate.fr,27 janvier 2025 à 13h09,"Avec la «règle du bâillon mondial», Donald Trump va entraver l'accès à l'avortement dans le monde entier",1
atteindre,Slate.fr,27 janvier 2025 à 13h09,"Avec la «règle du bâillon mondial», Donald Trump va entraver l'accès à l'avortement dans le monde entier",1
supprimés»,Slate.fr,27 janvier 2025 à 13h09,"Avec la «règle du bâillon mondial», Donald Trump va entraver l'accès à l'avortement dans le monde entier",1
déclaré,Slate.fr,27 janvier 2025 à 13h09,"Avec la «règle du bâillon mondial», Donald Trump va entraver l'accès à l'avortement dans le monde entier",2
communiqué,Slate.fr,27 janvier 2025 à 13h09,"Avec la «règle du bâillon mondial», Donald Trump va entraver l'accès à l'avortement dans le monde entier",1
Dilly,Slate.fr,27 janvier 2025 à 13h09,"Avec la «règle du bâillon mondial», Donald Trump va entraver l'accès à l'avortement dans le monde entier",1
"Severin,",Slate.fr,27 janvier 2025 à 13h09,"Avec la «règle du bâillon mondial», Donald Trump va entraver l'accès à l'avortement dans le monde entier",1
directrice,Slate.fr,27 janvier 2025 à 13h09,"Avec la «règle du bâillon mondial», Donald Trump va entraver l'accès à l'avortement dans le monde entier",1
exécutive,Slate.fr,27 janvier 2025 à 13h09,"Avec la «règle du bâillon mondial», Donald Trump va entraver l'accès à l'avortement dans le monde entier",1
Universal,Slate.fr,27 janvier 2025 à 13h09,"Avec la «règle du bâillon mondial», Donald Trump va entraver l'accès à l'avortement dans le monde entier",1
Access,Slate.fr,27 janvier 2025 à 13h09,"Avec la «règle du bâillon mondial», Donald Trump va entraver l'accès à l'avortement dans le monde entier",1
Project,Slate.fr,27 janvier 2025 à 13h09,"Avec la «règle du bâillon mondial», Donald Trump va entraver l'accès à l'avortement dans le monde entier",1
Fondation,Slate.fr,27 janvier 2025 à 13h09,"Avec la «règle du bâillon mondial», Donald Trump va entraver l'accès à l'avortement dans le monde entier",1
Nations,Slate.fr,27 janvier 2025 à 13h09,"Avec la «règle du bâillon mondial», Donald Trump va entraver l'accès à l'avortement dans le monde entier",1
unies.,Slate.fr,27 janvier 2025 à 13h09,"Avec la «règle du bâillon mondial», Donald Trump va entraver l'accès à l'avortement dans le monde entier",1
D'après,Slate.fr,27 janvier 2025 à 13h09,"Avec la «règle du bâillon mondial», Donald Trump va entraver l'accès à l'avortement dans le monde entier",2
certaines,Slate.fr,27 janvier 2025 à 13h09,"Avec la «règle du bâillon mondial», Donald Trump va entraver l'accès à l'avortement dans le monde entier",1
"organisations,",Slate.fr,27 janvier 2025 à 13h09,"Avec la «règle du bâillon mondial», Donald Trump va entraver l'accès à l'avortement dans le monde entier",1
l'application,Slate.fr,27 janvier 2025 à 13h09,"Avec la «règle du bâillon mondial», Donald Trump va entraver l'accès à l'avortement dans le monde entier",1
aurait,Slate.fr,27 janvier 2025 à 13h09,"Avec la «règle du bâillon mondial», Donald Trump va entraver l'accès à l'avortement dans le monde entier",1
conséquences,Slate.fr,27 janvier 2025 à 13h09,"Avec la «règle du bâillon mondial», Donald Trump va entraver l'accès à l'avortement dans le monde entier",1
mortelles,Slate.fr,27 janvier 2025 à 13h09,"Avec la «règle du bâillon mondial», Donald Trump va entraver l'accès à l'avortement dans le monde entier",1
Lors,Slate.fr,27 janvier 2025 à 13h09,"Avec la «règle du bâillon mondial», Donald Trump va entraver l'accès à l'avortement dans le monde entier",1
premier,Slate.fr,27 janvier 2025 à 13h09,"Avec la «règle du bâillon mondial», Donald Trump va entraver l'accès à l'avortement dans le monde entier",1
Fédération,Slate.fr,27 janvier 2025 à 13h09,"Avec la «règle du bâillon mondial», Donald Trump va entraver l'accès à l'avortement dans le monde entier",1
internationale,Slate.fr,27 janvier 2025 à 13h09,"Avec la «règle du bâillon mondial», Donald Trump va entraver l'accès à l'avortement dans le monde entier",1
plannings,Slate.fr,27 janvier 2025 à 13h09,"Avec la «règle du bâillon mondial», Donald Trump va entraver l'accès à l'avortement dans le monde entier",1
familiaux,Slate.fr,27 janvier 2025 à 13h09,"Avec la «règle du bâillon mondial», Donald Trump va entraver l'accès à l'avortement dans le monde entier",1
(IPPF),Slate.fr,27 janvier 2025 à 13h09,"Avec la «règle du bâillon mondial», Donald Trump va entraver l'accès à l'avortement dans le monde entier",1
dû,Slate.fr,27 janvier 2025 à 13h09,"Avec la «règle du bâillon mondial», Donald Trump va entraver l'accès à l'avortement dans le monde entier",1
renoncer,Slate.fr,27 janvier 2025 à 13h09,"Avec la «règle du bâillon mondial», Donald Trump va entraver l'accès à l'avortement dans le monde entier",1
environ,Slate.fr,27 janvier 2025 à 13h09,"Avec la «règle du bâillon mondial», Donald Trump va entraver l'accès à l'avortement dans le monde entier",1
100,Slate.fr,27 janvier 2025 à 13h09,"Avec la «règle du bâillon mondial», Donald Trump va entraver l'accès à l'avortement dans le monde entier",1
millions,Slate.fr,27 janvier 2025 à 13h09,"Avec la «règle du bâillon mondial», Donald Trump va entraver l'accès à l'avortement dans le monde entier",2
dollars,Slate.fr,27 janvier 2025 à 13h09,"Avec la «règle du bâillon mondial», Donald Trump va entraver l'accès à l'avortement dans le monde entier",2
d'aide,Slate.fr,27 janvier 2025 à 13h09,"Avec la «règle du bâillon mondial», Donald Trump va entraver l'accès à l'avortement dans le monde entier",2
pouvoir,Slate.fr,27 janvier 2025 à 13h09,"Avec la «règle du bâillon mondial», Donald Trump va entraver l'accès à l'avortement dans le monde entier",1
continuer,Slate.fr,27 janvier 2025 à 13h09,"Avec la «règle du bâillon mondial», Donald Trump va entraver l'accès à l'avortement dans le monde entier",1
actions.,Slate.fr,27 janvier 2025 à 13h09,"Avec la «règle du bâillon mondial», Donald Trump va entraver l'accès à l'avortement dans le monde entier",1
Des,Slate.fr,27 janvier 2025 à 13h09,"Avec la «règle du bâillon mondial», Donald Trump va entraver l'accès à l'avortement dans le monde entier",1
aides,Slate.fr,27 janvier 2025 à 13h09,"Avec la «règle du bâillon mondial», Donald Trump va entraver l'accès à l'avortement dans le monde entier",1
"qui,",Slate.fr,27 janvier 2025 à 13h09,"Avec la «règle du bâillon mondial», Donald Trump va entraver l'accès à l'avortement dans le monde entier",1
selon,Slate.fr,27 janvier 2025 à 13h09,"Avec la «règle du bâillon mondial», Donald Trump va entraver l'accès à l'avortement dans le monde entier",1
"l'IPPF,",Slate.fr,27 janvier 2025 à 13h09,"Avec la «règle du bâillon mondial», Donald Trump va entraver l'accès à l'avortement dans le monde entier",1
auraient,Slate.fr,27 janvier 2025 à 13h09,"Avec la «règle du bâillon mondial», Donald Trump va entraver l'accès à l'avortement dans le monde entier",1
permis,Slate.fr,27 janvier 2025 à 13h09,"Avec la «règle du bâillon mondial», Donald Trump va entraver l'accès à l'avortement dans le monde entier",1
"d'empêcher,",Slate.fr,27 janvier 2025 à 13h09,"Avec la «règle du bâillon mondial», Donald Trump va entraver l'accès à l'avortement dans le monde entier",1
niveau,Slate.fr,27 janvier 2025 à 13h09,"Avec la «règle du bâillon mondial», Donald Trump va entraver l'accès à l'avortement dans le monde entier",1
"mondial,",Slate.fr,27 janvier 2025 à 13h09,"Avec la «règle du bâillon mondial», Donald Trump va entraver l'accès à l'avortement dans le monde entier",1
20.000,Slate.fr,27 janvier 2025 à 13h09,"Avec la «règle du bâillon mondial», Donald Trump va entraver l'accès à l'avortement dans le monde entier",1
décès,Slate.fr,27 janvier 2025 à 13h09,"Avec la «règle du bâillon mondial», Donald Trump va entraver l'accès à l'avortement dans le monde entier",1
"maternels,",Slate.fr,27 janvier 2025 à 13h09,"Avec la «règle du bâillon mondial», Donald Trump va entraver l'accès à l'avortement dans le monde entier",1
"4,8",Slate.fr,27 janvier 2025 à 13h09,"Avec la «règle du bâillon mondial», Donald Trump va entraver l'accès à l'avortement dans le monde entier",1
grossesses,Slate.fr,27 janvier 2025 à 13h09,"Avec la «règle du bâillon mondial», Donald Trump va entraver l'accès à l'avortement dans le monde entier",1
"désirées,",Slate.fr,27 janvier 2025 à 13h09,"Avec la «règle du bâillon mondial», Donald Trump va entraver l'accès à l'avortement dans le monde entier",1
"1,7",Slate.fr,27 janvier 2025 à 13h09,"Avec la «règle du bâillon mondial», Donald Trump va entraver l'accès à l'avortement dans le monde entier",1
million,Slate.fr,27 janvier 2025 à 13h09,"Avec la «règle du bâillon mondial», Donald Trump va entraver l'accès à l'avortement dans le monde entier",1
risque.,Slate.fr,27 janvier 2025 à 13h09,"Avec la «règle du bâillon mondial», Donald Trump va entraver l'accès à l'avortement dans le monde entier",1
"l'organisme,",Slate.fr,27 janvier 2025 à 13h09,"Avec la «règle du bâillon mondial», Donald Trump va entraver l'accès à l'avortement dans le monde entier",1
zones,Slate.fr,27 janvier 2025 à 13h09,"Avec la «règle du bâillon mondial», Donald Trump va entraver l'accès à l'avortement dans le monde entier",1
touchées,Slate.fr,27 janvier 2025 à 13h09,"Avec la «règle du bâillon mondial», Donald Trump va entraver l'accès à l'avortement dans le monde entier",1
étaient,Slate.fr,27 janvier 2025 à 13h09,"Avec la «règle du bâillon mondial», Donald Trump va entraver l'accès à l'avortement dans le monde entier",1
l'Afrique,Slate.fr,27 janvier 2025 à 13h09,"Avec la «règle du bâillon mondial», Donald Trump va entraver l'accès à l'avortement dans le monde entier",1
"subsaharienne,",Slate.fr,27 janvier 2025 à 13h09,"Avec la «règle du bâillon mondial», Donald Trump va entraver l'accès à l'avortement dans le monde entier",1
l'Asie,Slate.fr,27 janvier 2025 à 13h09,"Avec la «règle du bâillon mondial», Donald Trump va entraver l'accès à l'avortement dans le monde entier",1
"Sud,",Slate.fr,27 janvier 2025 à 13h09,"Avec la «règle du bâillon mondial», Donald Trump va entraver l'accès à l'avortement dans le monde entier",1
l'Amérique,Slate.fr,27 janvier 2025 à 13h09,"Avec la «règle du bâillon mondial», Donald Trump va entraver l'accès à l'avortement dans le monde entier",1
latine,Slate.fr,27 janvier 2025 à 13h09,"Avec la «règle du bâillon mondial», Donald Trump va entraver l'accès à l'avortement dans le monde entier",1
Caraïbes.,Slate.fr,27 janvier 2025 à 13h09,"Avec la «règle du bâillon mondial», Donald Trump va entraver l'accès à l'avortement dans le monde entier",1
En,Slate.fr,27 janvier 2025 à 13h09,"Avec la «règle du bâillon mondial», Donald Trump va entraver l'accès à l'avortement dans le monde entier",1
septembre,Slate.fr,27 janvier 2025 à 13h09,"Avec la «règle du bâillon mondial», Donald Trump va entraver l'accès à l'avortement dans le monde entier",1
"2024,",Slate.fr,27 janvier 2025 à 13h09,"Avec la «règle du bâillon mondial», Donald Trump va entraver l'accès à l'avortement dans le monde entier",1
fin,Slate.fr,27 janvier 2025 à 13h09,"Avec la «règle du bâillon mondial», Donald Trump va entraver l'accès à l'avortement dans le monde entier",1
pourtant,Slate.fr,27 janvier 2025 à 13h09,"Avec la «règle du bâillon mondial», Donald Trump va entraver l'accès à l'avortement dans le monde entier",1
cherché,Slate.fr,27 janvier 2025 à 13h09,"Avec la «règle du bâillon mondial», Donald Trump va entraver l'accès à l'avortement dans le monde entier",1
abroger,Slate.fr,27 janvier 2025 à 13h09,"Avec la «règle du bâillon mondial», Donald Trump va entraver l'accès à l'avortement dans le monde entier",1
définitivement,Slate.fr,27 janvier 2025 à 13h09,"Avec la «règle du bâillon mondial», Donald Trump va entraver l'accès à l'avortement dans le monde entier",1
texte.,Slate.fr,27 janvier 2025 à 13h09,"Avec la «règle du bâillon mondial», Donald Trump va entraver l'accès à l'avortement dans le monde entier",1
Pour,Slate.fr,27 janvier 2025 à 13h09,"Avec la «règle du bâillon mondial», Donald Trump va entraver l'accès à l'avortement dans le monde entier",1
ce,Slate.fr,27 janvier 2025 à 13h09,"Avec la «règle du bâillon mondial», Donald Trump va entraver l'accès à l'avortement dans le monde entier",2
"faire,",Slate.fr,27 janvier 2025 à 13h09,"Avec la «règle du bâillon mondial», Donald Trump va entraver l'accès à l'avortement dans le monde entier",1
ils,Slate.fr,27 janvier 2025 à 13h09,"Avec la «règle du bâillon mondial», Donald Trump va entraver l'accès à l'avortement dans le monde entier",1
présenté,Slate.fr,27 janvier 2025 à 13h09,"Avec la «règle du bâillon mondial», Donald Trump va entraver l'accès à l'avortement dans le monde entier",1
devant,Slate.fr,27 janvier 2025 à 13h09,"Avec la «règle du bâillon mondial», Donald Trump va entraver l'accès à l'avortement dans le monde entier",1
Congrès,Slate.fr,27 janvier 2025 à 13h09,"Avec la «règle du bâillon mondial», Donald Trump va entraver l'accès à l'avortement dans le monde entier",1
Global,Slate.fr,27 janvier 2025 à 13h09,"Avec la «règle du bâillon mondial», Donald Trump va entraver l'accès à l'avortement dans le monde entier",1
"Health,",Slate.fr,27 janvier 2025 à 13h09,"Avec la «règle du bâillon mondial», Donald Trump va entraver l'accès à l'avortement dans le monde entier",1
"Empowerment,",Slate.fr,27 janvier 2025 à 13h09,"Avec la «règle du bâillon mondial», Donald Trump va entraver l'accès à l'avortement dans le monde entier",1
and,Slate.fr,27 janvier 2025 à 13h09,"Avec la «règle du bâillon mondial», Donald Trump va entraver l'accès à l'avortement dans le monde entier",1
Rights,Slate.fr,27 janvier 2025 à 13h09,"Avec la «règle du bâillon mondial», Donald Trump va entraver l'accès à l'avortement dans le monde entier",1
Act,Slate.fr,27 janvier 2025 à 13h09,"Avec la «règle du bâillon mondial», Donald Trump va entraver l'accès à l'avortement dans le monde entier",1
«Ce,Slate.fr,27 janvier 2025 à 13h09,"Avec la «règle du bâillon mondial», Donald Trump va entraver l'accès à l'avortement dans le monde entier",1
projet,Slate.fr,27 janvier 2025 à 13h09,"Avec la «règle du bâillon mondial», Donald Trump va entraver l'accès à l'avortement dans le monde entier",1
concerne,Slate.fr,27 janvier 2025 à 13h09,"Avec la «règle du bâillon mondial», Donald Trump va entraver l'accès à l'avortement dans le monde entier",1
seulement,Slate.fr,27 janvier 2025 à 13h09,"Avec la «règle du bâillon mondial», Donald Trump va entraver l'accès à l'avortement dans le monde entier",1
santé:,Slate.fr,27 janvier 2025 à 13h09,"Avec la «règle du bâillon mondial», Donald Trump va entraver l'accès à l'avortement dans le monde entier",1
il,Slate.fr,27 janvier 2025 à 13h09,"Avec la «règle du bâillon mondial», Donald Trump va entraver l'accès à l'avortement dans le monde entier",1
garantit,Slate.fr,27 janvier 2025 à 13h09,"Avec la «règle du bâillon mondial», Donald Trump va entraver l'accès à l'avortement dans le monde entier",1
étrangère,Slate.fr,27 janvier 2025 à 13h09,"Avec la «règle du bâillon mondial», Donald Trump va entraver l'accès à l'avortement dans le monde entier",1
seront,Slate.fr,27 janvier 2025 à 13h09,"Avec la «règle du bâillon mondial», Donald Trump va entraver l'accès à l'avortement dans le monde entier",1
jamais,Slate.fr,27 janvier 2025 à 13h09,"Avec la «règle du bâillon mondial», Donald Trump va entraver l'accès à l'avortement dans le monde entier",1
utilisés,Slate.fr,27 janvier 2025 à 13h09,"Avec la «règle du bâillon mondial», Donald Trump va entraver l'accès à l'avortement dans le monde entier",1
comme,Slate.fr,27 janvier 2025 à 13h09,"Avec la «règle du bâillon mondial», Donald Trump va entraver l'accès à l'avortement dans le monde entier",1
outil,Slate.fr,27 janvier 2025 à 13h09,"Avec la «règle du bâillon mondial», Donald Trump va entraver l'accès à l'avortement dans le monde entier",1
d'oppression»,Slate.fr,27 janvier 2025 à 13h09,"Avec la «règle du bâillon mondial», Donald Trump va entraver l'accès à l'avortement dans le monde entier",1
déclarait,Slate.fr,27 janvier 2025 à 13h09,"Avec la «règle du bâillon mondial», Donald Trump va entraver l'accès à l'avortement dans le monde entier",1
"propos,",Slate.fr,27 janvier 2025 à 13h09,"Avec la «règle du bâillon mondial», Donald Trump va entraver l'accès à l'avortement dans le monde entier",1
"2023,",Slate.fr,27 janvier 2025 à 13h09,"Avec la «règle du bâillon mondial», Donald Trump va entraver l'accès à l'avortement dans le monde entier",1
Barbara,Slate.fr,27 janvier 2025 à 13h09,"Avec la «règle du bâillon mondial», Donald Trump va entraver l'accès à l'avortement dans le monde entier",1
"Lee,",Slate.fr,27 janvier 2025 à 13h09,"Avec la «règle du bâillon mondial», Donald Trump va entraver l'accès à l'avortement dans le monde entier",1
ancienne,Slate.fr,27 janvier 2025 à 13h09,"Avec la «règle du bâillon mondial», Donald Trump va entraver l'accès à l'avortement dans le monde entier",1
représentante,Slate.fr,27 janvier 2025 à 13h09,"Avec la «règle du bâillon mondial», Donald Trump va entraver l'accès à l'avortement dans le monde entier",1
démocrate,Slate.fr,27 janvier 2025 à 13h09,"Avec la «règle du bâillon mondial», Donald Trump va entraver l'accès à l'avortement dans le monde entier",1
Californie.,Slate.fr,27 janvier 2025 à 13h09,"Avec la «règle du bâillon mondial», Donald Trump va entraver l'accès à l'avortement dans le monde entier",1
Le,Slate.fr,27 janvier 2025 à 13h09,"Avec la «règle du bâillon mondial», Donald Trump va entraver l'accès à l'avortement dans le monde entier",1
n'a,Slate.fr,27 janvier 2025 à 13h09,"Avec la «règle du bâillon mondial», Donald Trump va entraver l'accès à l'avortement dans le monde entier",1
cependant,Slate.fr,27 janvier 2025 à 13h09,"Avec la «règle du bâillon mondial», Donald Trump va entraver l'accès à l'avortement dans le monde entier",1
adopté.,Slate.fr,27 janvier 2025 à 13h09,"Avec la «règle du bâillon mondial», Donald Trump va entraver l'accès à l'avortement dans le monde entier",1
Robin,Slate.fr,27 janvier 2025 à 13h09,"Avec la «règle du bâillon mondial», Donald Trump va entraver l'accès à l'avortement dans le monde entier",1
Couturier,Slate.fr,27 janvier 2025 à 13h09,"Avec la «règle du bâillon mondial», Donald Trump va entraver l'accès à l'avortement dans le monde entier",1
Ce,Slate.fr,27 janvier 2025 à 13h09,"Avec la «règle du bâillon mondial», Donald Trump va entraver l'accès à l'avortement dans le monde entier",1
vendredi,Slate.fr,27 janvier 2025 à 13h09,"Avec la «règle du bâillon mondial», Donald Trump va entraver l'accès à l'avortement dans le monde entier",1
24,Slate.fr,27 janvier 2025 à 13h09,"Avec la «règle du bâillon mondial», Donald Trump va entraver l'accès à l'avortement dans le monde entier",1
"janvier,",Slate.fr,27 janvier 2025 à 13h09,"Avec la «règle du bâillon mondial», Donald Trump va entraver l'accès à l'avortement dans le monde entier",1
moins,Slate.fr,27 janvier 2025 à 13h09,"Avec la «règle du bâillon mondial», Donald Trump va entraver l'accès à l'avortement dans le monde entier",1
d'une,Slate.fr,27 janvier 2025 à 13h09,"Avec la «règle du bâillon mondial», Donald Trump va entraver l'accès à l'avortement dans le monde entier",2
semaine,Slate.fr,27 janvier 2025 à 13h09,"Avec la «règle du bâillon mondial», Donald Trump va entraver l'accès à l'avortement dans le monde entier",1
après,Slate.fr,27 janvier 2025 à 13h09,"Avec la «règle du bâillon mondial», Donald Trump va entraver l'accès à l'avortement dans le monde entier",1
avoir,Slate.fr,27 janvier 2025 à 13h09,"Avec la «règle du bâillon mondial», Donald Trump va entraver l'accès à l'avortement dans le monde entier",2
été,Slate.fr,27 janvier 2025 à 13h09,"Avec la «règle du bâillon mondial», Donald Trump va entraver l'accès à l'avortement dans le monde entier",6
investi,Slate.fr,27 janvier 2025 à 13h09,"Avec la «règle du bâillon mondial», Donald Trump va entraver l'accès à l'avortement dans le monde entier",1
pour,Slate.fr,27 janvier 2025 à 13h09,"Avec la «règle du bâillon mondial», Donald Trump va entraver l'accès à l'avortement dans le monde entier",6
son,Slate.fr,27 janvier 2025 à 13h09,"Avec la «règle du bâillon mondial», Donald Trump va entraver l'accès à l'avortement dans le monde entier",1
second,Slate.fr,27 janvier 2025 à 13h09,"Avec la «règle du bâillon mondial», Donald Trump va entraver l'accès à l'avortement dans le monde entier",1
mandat,Slate.fr,27 janvier 2025 à 13h09,"Avec la «règle du bâillon mondial», Donald Trump va entraver l'accès à l'avortement dans le monde entier",3
"présidentiel,",Slate.fr,27 janvier 2025 à 13h09,"Avec la «règle du bâillon mondial», Donald Trump va entraver l'accès à l'avortement dans le monde entier",1
Donald,Slate.fr,27 janvier 2025 à 13h09,"Avec la «règle du bâillon mondial», Donald Trump va entraver l'accès à l'avortement dans le monde entier",3
Trump,Slate.fr,27 janvier 2025 à 13h09,"Avec la «règle du bâillon mondial», Donald Trump va entraver l'accès à l'avortement dans le monde entier",3
a,Slate.fr,27 janvier 2025 à 13h09,"Avec la «règle du bâillon mondial», Donald Trump va entraver l'accès à l'avortement dans le monde entier",5
porté,Slate.fr,27 janvier 2025 à 13h09,"Avec la «règle du bâillon mondial», Donald Trump va entraver l'accès à l'avortement dans le monde entier",1
une,Slate.fr,27 janvier 2025 à 13h09,"Avec la «règle du bâillon mondial», Donald Trump va entraver l'accès à l'avortement dans le monde entier",1
attaque,Slate.fr,27 janvier 2025 à 13h09,"Avec la «règle du bâillon mondial», Donald Trump va entraver l'accès à l'avortement dans le monde entier",1
importante,Slate.fr,27 janvier 2025 à 13h09,"Avec la «règle du bâillon mondial», Donald Trump va entraver l'accès à l'avortement dans le monde entier",1
au,Slate.fr,27 janvier 2025 à 13h09,"Avec la «règle du bâillon mondial», Donald Trump va entraver l'accès à l'avortement dans le monde entier",4
droit,Slate.fr,27 janvier 2025 à 13h09,"Avec la «règle du bâillon mondial», Donald Trump va entraver l'accès à l'avortement dans le monde entier",3
à,Slate.fr,27 janvier 2025 à 13h09,"Avec la «règle du bâillon mondial», Donald Trump va entraver l'accès à l'avortement dans le monde entier",15
l'avortement.,Slate.fr,27 janvier 2025 à 13h09,"Avec la «règle du bâillon mondial», Donald Trump va entraver l'accès à l'avortement dans le monde entier",1
Parmi,Slate.fr,27 janvier 2025 à 13h09,"Avec la «règle du bâillon mondial», Donald Trump va entraver l'accès à l'avortement dans le monde entier",1
les,Slate.fr,27 janvier 2025 à 13h09,"Avec la «règle du bâillon mondial», Donald Trump va entraver l'accès à l'avortement dans le monde entier",14
dizaines,Slate.fr,27 janvier 2025 à 13h09,"Avec la «règle du bâillon mondial», Donald Trump va entraver l'accès à l'avortement dans le monde entier",1
de,Slate.fr,27 janvier 2025 à 13h09,"Avec la «règle du bâillon mondial», Donald Trump va entraver l'accès à l'avortement dans le monde entier",27
décrets,Slate.fr,27 janvier 2025 à 13h09,"Avec la «règle du bâillon mondial», Donald Trump va entraver l'accès à l'avortement dans le monde entier",1
déjà,Slate.fr,27 janvier 2025 à 13h09,"Avec la «règle du bâillon mondial», Donald Trump va entraver l'accès à l'avortement dans le monde entier",1
signés,Slate.fr,27 janvier 2025 à 13h09,"Avec la «règle du bâillon mondial», Donald Trump va entraver l'accès à l'avortement dans le monde entier",1
par,Slate.fr,27 janvier 2025 à 13h09,"Avec la «règle du bâillon mondial», Donald Trump va entraver l'accès à l'avortement dans le monde entier",1
le,Slate.fr,27 janvier 2025 à 13h09,"Avec la «règle du bâillon mondial», Donald Trump va entraver l'accès à l'avortement dans le monde entier",9
chef,Slate.fr,27 janvier 2025 à 13h09,"Avec la «règle du bâillon mondial», Donald Trump va entraver l'accès à l'avortement dans le monde entier",1
"d'État,",Slate.fr,27 janvier 2025 à 13h09,"Avec la «règle du bâillon mondial», Donald Trump va entraver l'accès à l'avortement dans le monde entier",1
l'un,Slate.fr,27 janvier 2025 à 13h09,"Avec la «règle du bâillon mondial», Donald Trump va entraver l'accès à l'avortement dans le monde entier",1
visait,Slate.fr,27 janvier 2025 à 13h09,"Avec la «règle du bâillon mondial», Donald Trump va entraver l'accès à l'avortement dans le monde entier",1
rétablir,Slate.fr,27 janvier 2025 à 13h09,"Avec la «règle du bâillon mondial», Donald Trump va entraver l'accès à l'avortement dans le monde entier",1
la,Slate.fr,27 janvier 2025 à 13h09,"Avec la «règle du bâillon mondial», Donald Trump va entraver l'accès à l'avortement dans le monde entier",12
«règle,Slate.fr,27 janvier 2025 à 13h09,"Avec la «règle du bâillon mondial», Donald Trump va entraver l'accès à l'avortement dans le monde entier",1
du,Slate.fr,27 janvier 2025 à 13h09,"Avec la «règle du bâillon mondial», Donald Trump va entraver l'accès à l'avortement dans le monde entier",10
bâillon,Slate.fr,27 janvier 2025 à 13h09,"Avec la «règle du bâillon mondial», Donald Trump va entraver l'accès à l'avortement dans le monde entier",4
mondial».,Slate.fr,27 janvier 2025 à 13h09,"Avec la «règle du bâillon mondial», Donald Trump va entraver l'accès à l'avortement dans le monde entier",1
Un,Slate.fr,27 janvier 2025 à 13h09,"Avec la «règle du bâillon mondial», Donald Trump va entraver l'accès à l'avortement dans le monde entier",1
texte,Slate.fr,27 janvier 2025 à 13h09,"Avec la «règle du bâillon mondial», Donald Trump va entraver l'accès à l'avortement dans le monde entier",3
loi,Slate.fr,27 janvier 2025 à 13h09,"Avec la «règle du bâillon mondial», Donald Trump va entraver l'accès à l'avortement dans le monde entier",2
qui,Slate.fr,27 janvier 2025 à 13h09,"Avec la «règle du bâillon mondial», Donald Trump va entraver l'accès à l'avortement dans le monde entier",3
limite,Slate.fr,27 janvier 2025 à 13h09,"Avec la «règle du bâillon mondial», Donald Trump va entraver l'accès à l'avortement dans le monde entier",1
l'accès,Slate.fr,27 janvier 2025 à 13h09,"Avec la «règle du bâillon mondial», Donald Trump va entraver l'accès à l'avortement dans le monde entier",1
l'IVG,Slate.fr,27 janvier 2025 à 13h09,"Avec la «règle du bâillon mondial», Donald Trump va entraver l'accès à l'avortement dans le monde entier",1
non,Slate.fr,27 janvier 2025 à 13h09,"Avec la «règle du bâillon mondial», Donald Trump va entraver l'accès à l'avortement dans le monde entier",2
pas,Slate.fr,27 janvier 2025 à 13h09,"Avec la «règle du bâillon mondial», Donald Trump va entraver l'accès à l'avortement dans le monde entier",4
aux,Slate.fr,27 janvier 2025 à 13h09,"Avec la «règle du bâillon mondial», Donald Trump va entraver l'accès à l'avortement dans le monde entier",2
"États-Unis,",Slate.fr,27 janvier 2025 à 13h09,"Avec la «règle du bâillon mondial», Donald Trump va entraver l'accès à l'avortement dans le monde entier",1
mais,Slate.fr,27 janvier 2025 à 13h09,"Avec la «règle du bâillon mondial», Donald Trump va entraver l'accès à l'avortement dans le monde entier",1
partout,Slate.fr,27 janvier 2025 à 13h09,"Avec la «règle du bâillon mondial», Donald Trump va entraver l'accès à l'avortement dans le monde entier",1
ailleurs,Slate.fr,27 janvier 2025 à 13h09,"Avec la «règle du bâillon mondial», Donald Trump va entraver l'accès à l'avortement dans le monde entier",1
dans,Slate.fr,27 janvier 2025 à 13h09,"Avec la «règle du bâillon mondial», Donald Trump va entraver l'accès à l'avortement dans le monde entier",3
monde.,Slate.fr,27 janvier 2025 à 13h09,"Avec la «règle du bâillon mondial», Donald Trump va entraver l'accès à l'avortement dans le monde entier",1
La,Slate.fr,27 janvier 2025 à 13h09,"Avec la «règle du bâillon mondial», Donald Trump va entraver l'accès à l'avortement dans le monde entier",2
règle,Slate.fr,27 janvier 2025 à 13h09,"Avec la «règle du bâillon mondial», Donald Trump va entraver l'accès à l'avortement dans le monde entier",3
mondial,Slate.fr,27 janvier 2025 à 13h09,"Avec la «règle du bâillon mondial», Donald Trump va entraver l'accès à l'avortement dans le monde entier",3
est,Slate.fr,27 janvier 2025 à 13h09,"Avec la «règle du bâillon mondial», Donald Trump va entraver l'accès à l'avortement dans le monde entier",2
aussi,Slate.fr,27 janvier 2025 à 13h09,"Avec la «règle du bâillon mondial», Donald Trump va entraver l'accès à l'avortement dans le monde entier",1
appelée,Slate.fr,27 janvier 2025 à 13h09,"Avec la «règle du bâillon mondial», Donald Trump va entraver l'accès à l'avortement dans le monde entier",1
«Mexico,Slate.fr,27 janvier 2025 à 13h09,"Avec la «règle du bâillon mondial», Donald Trump va entraver l'accès à l'avortement dans le monde entier",1
City,Slate.fr,27 janvier 2025 à 13h09,"Avec la «règle du bâillon mondial», Donald Trump va entraver l'accès à l'avortement dans le monde entier",1
"Policy»,",Slate.fr,27 janvier 2025 à 13h09,"Avec la «règle du bâillon mondial», Donald Trump va entraver l'accès à l'avortement dans le monde entier",1
en,Slate.fr,27 janvier 2025 à 13h09,"Avec la «règle du bâillon mondial», Donald Trump va entraver l'accès à l'avortement dans le monde entier",8
référence,Slate.fr,27 janvier 2025 à 13h09,"Avec la «règle du bâillon mondial», Donald Trump va entraver l'accès à l'avortement dans le monde entier",1
lieu,Slate.fr,27 janvier 2025 à 13h09,"Avec la «règle du bâillon mondial», Donald Trump va entraver l'accès à l'avortement dans le monde entier",1
où,Slate.fr,27 janvier 2025 à 13h09,"Avec la «règle du bâillon mondial», Donald Trump va entraver l'accès à l'avortement dans le monde entier",1
sa,Slate.fr,27 janvier 2025 à 13h09,"Avec la «règle du bâillon mondial», Donald Trump va entraver l'accès à l'avortement dans le monde entier",1
première,Slate.fr,27 janvier 2025 à 13h09,"Avec la «règle du bâillon mondial», Donald Trump va entraver l'accès à l'avortement dans le monde entier",1
version,Slate.fr,27 janvier 2025 à 13h09,"Avec la «règle du bâillon mondial», Donald Trump va entraver l'accès à l'avortement dans le monde entier",1
"annoncée,",Slate.fr,27 janvier 2025 à 13h09,"Avec la «règle du bâillon mondial», Donald Trump va entraver l'accès à l'avortement dans le monde entier",1
1984.,Slate.fr,27 janvier 2025 à 13h09,"Avec la «règle du bâillon mondial», Donald Trump va entraver l'accès à l'avortement dans le monde entier",1
Elle,Slate.fr,27 janvier 2025 à 13h09,"Avec la «règle du bâillon mondial», Donald Trump va entraver l'accès à l'avortement dans le monde entier",1
s'applique,Slate.fr,27 janvier 2025 à 13h09,"Avec la «règle du bâillon mondial», Donald Trump va entraver l'accès à l'avortement dans le monde entier",1
pays,Slate.fr,27 janvier 2025 à 13h09,"Avec la «règle du bâillon mondial», Donald Trump va entraver l'accès à l'avortement dans le monde entier",2
dont,Slate.fr,27 janvier 2025 à 13h09,"Avec la «règle du bâillon mondial», Donald Trump va entraver l'accès à l'avortement dans le monde entier",1
système,Slate.fr,27 janvier 2025 à 13h09,"Avec la «règle du bâillon mondial», Donald Trump va entraver l'accès à l'avortement dans le monde entier",1
santé,Slate.fr,27 janvier 2025 à 13h09,"Avec la «règle du bâillon mondial», Donald Trump va entraver l'accès à l'avortement dans le monde entier",3
reçoit,Slate.fr,27 janvier 2025 à 13h09,"Avec la «règle du bâillon mondial», Donald Trump va entraver l'accès à l'avortement dans le monde entier",1
l'aide,Slate.fr,27 janvier 2025 à 13h09,"Avec la «règle du bâillon mondial», Donald Trump va entraver l'accès à l'avortement dans le monde entier",1
financière,Slate.fr,27 janvier 2025 à 13h09,"Avec la «règle du bâillon mondial», Donald Trump va entraver l'accès à l'avortement dans le monde entier",1
part,Slate.fr,27 janvier 2025 à 13h09,"Avec la «règle du bâillon mondial», Donald Trump va entraver l'accès à l'avortement dans le monde entier",1
des,Slate.fr,27 janvier 2025 à 13h09,"Avec la «règle du bâillon mondial», Donald Trump va entraver l'accès à l'avortement dans le monde entier",8
États-Unis.,Slate.fr,27 janvier 2025 à 13h09,"Avec la «règle du bâillon mondial», Donald Trump va entraver l'accès à l'avortement dans le monde entier",1
Sous,Slate.fr,27 janvier 2025 à 13h09,"Avec la «règle du bâillon mondial», Donald Trump va entraver l'accès à l'avortement dans le monde entier",1
prétexte,Slate.fr,27 janvier 2025 à 13h09,"Avec la «règle du bâillon mondial», Donald Trump va entraver l'accès à l'avortement dans le monde entier",1
ne,Slate.fr,27 janvier 2025 à 13h09,"Avec la «règle du bâillon mondial», Donald Trump va entraver l'accès à l'avortement dans le monde entier",3
vouloir,Slate.fr,27 janvier 2025 à 13h09,"Avec la «règle du bâillon mondial», Donald Trump va entraver l'accès à l'avortement dans le monde entier",1
financer,Slate.fr,27 janvier 2025 à 13h09,"Avec la «règle du bâillon mondial», Donald Trump va entraver l'accès à l'avortement dans le monde entier",1
d'avortements,Slate.fr,27 janvier 2025 à 13h09,"Avec la «règle du bâillon mondial», Donald Trump va entraver l'accès à l'avortement dans le monde entier",2
"l'étranger,",Slate.fr,27 janvier 2025 à 13h09,"Avec la «règle du bâillon mondial», Donald Trump va entraver l'accès à l'avortement dans le monde entier",1
elle,Slate.fr,27 janvier 2025 à 13h09,"Avec la «règle du bâillon mondial», Donald Trump va entraver l'accès à l'avortement dans le monde entier",1
y,Slate.fr,27 janvier 2025 à 13h09,"Avec la «règle du bâillon mondial», Donald Trump va entraver l'accès à l'avortement dans le monde entier",1
entrave,Slate.fr,27 janvier 2025 à 13h09,"Avec la «règle du bâillon mondial», Donald Trump va entraver l'accès à l'avortement dans le monde entier",1
développement,Slate.fr,27 janvier 2025 à 13h09,"Avec la «règle du bâillon mondial», Donald Trump va entraver l'accès à l'avortement dans le monde entier",1
politiques,Slate.fr,27 janvier 2025 à 13h09,"Avec la «règle du bâillon mondial», Donald Trump va entraver l'accès à l'avortement dans le monde entier",1
visant,Slate.fr,27 janvier 2025 à 13h09,"Avec la «règle du bâillon mondial», Donald Trump va entraver l'accès à l'avortement dans le monde entier",1
rendre,Slate.fr,27 janvier 2025 à 13h09,"Avec la «règle du bâillon mondial», Donald Trump va entraver l'accès à l'avortement dans le monde entier",1
accessible,Slate.fr,27 janvier 2025 à 13h09,"Avec la «règle du bâillon mondial», Donald Trump va entraver l'accès à l'avortement dans le monde entier",1
l'IVG.,Slate.fr,27 janvier 2025 à 13h09,"Avec la «règle du bâillon mondial», Donald Trump va entraver l'accès à l'avortement dans le monde entier",1
The,Slate.fr,27 janvier 2025 à 13h09,"Avec la «règle du bâillon mondial», Donald Trump va entraver l'accès à l'avortement dans le monde entier",1
Washington,Slate.fr,27 janvier 2025 à 13h09,"Avec la «règle du bâillon mondial», Donald Trump va entraver l'accès à l'avortement dans le monde entier",1
Post,Slate.fr,27 janvier 2025 à 13h09,"Avec la «règle du bâillon mondial», Donald Trump va entraver l'accès à l'avortement dans le monde entier",1
présente,Slate.fr,27 janvier 2025 à 13h09,"Avec la «règle du bâillon mondial», Donald Trump va entraver l'accès à l'avortement dans le monde entier",1
ses,Slate.fr,27 janvier 2025 à 13h09,"Avec la «règle du bâillon mondial», Donald Trump va entraver l'accès à l'avortement dans le monde entier",2
effets,Slate.fr,27 janvier 2025 à 13h09,"Avec la «règle du bâillon mondial», Donald Trump va entraver l'accès à l'avortement dans le monde entier",1
ces,Slate.fr,27 janvier 2025 à 13h09,"Avec la «règle du bâillon mondial», Donald Trump va entraver l'accès à l'avortement dans le monde entier",2
termes:,Slate.fr,27 janvier 2025 à 13h09,"Avec la «règle du bâillon mondial», Donald Trump va entraver l'accès à l'avortement dans le monde entier",1
«interdit,Slate.fr,27 janvier 2025 à 13h09,"Avec la «règle du bâillon mondial», Donald Trump va entraver l'accès à l'avortement dans le monde entier",1
organisations,Slate.fr,27 janvier 2025 à 13h09,"Avec la «règle du bâillon mondial», Donald Trump va entraver l'accès à l'avortement dans le monde entier",1
reçoivent,Slate.fr,27 janvier 2025 à 13h09,"Avec la «règle du bâillon mondial», Donald Trump va entraver l'accès à l'avortement dans le monde entier",1
fonds,Slate.fr,27 janvier 2025 à 13h09,"Avec la «règle du bâillon mondial», Donald Trump va entraver l'accès à l'avortement dans le monde entier",1
américains,Slate.fr,27 janvier 2025 à 13h09,"Avec la «règle du bâillon mondial», Donald Trump va entraver l'accès à l'avortement dans le monde entier",1
"mondiale,",Slate.fr,27 janvier 2025 à 13h09,"Avec la «règle du bâillon mondial», Donald Trump va entraver l'accès à l'avortement dans le monde entier",1
quelques,Slate.fr,27 janvier 2025 à 13h09,"Avec la «règle du bâillon mondial», Donald Trump va entraver l'accès à l'avortement dans le monde entier",1
exceptions,Slate.fr,27 janvier 2025 à 13h09,"Avec la «règle du bâillon mondial», Donald Trump va entraver l'accès à l'avortement dans le monde entier",1
"près,",Slate.fr,27 janvier 2025 à 13h09,"Avec la «règle du bâillon mondial», Donald Trump va entraver l'accès à l'avortement dans le monde entier",1
pratiquer,Slate.fr,27 janvier 2025 à 13h09,"Avec la «règle du bâillon mondial», Donald Trump va entraver l'accès à l'avortement dans le monde entier",1
"avortements,",Slate.fr,27 janvier 2025 à 13h09,"Avec la «règle du bâillon mondial», Donald Trump va entraver l'accès à l'avortement dans le monde entier",1
conseiller,Slate.fr,27 janvier 2025 à 13h09,"Avec la «règle du bâillon mondial», Donald Trump va entraver l'accès à l'avortement dans le monde entier",1
ou,Slate.fr,27 janvier 2025 à 13h09,"Avec la «règle du bâillon mondial», Donald Trump va entraver l'accès à l'avortement dans le monde entier",2
fournir,Slate.fr,27 janvier 2025 à 13h09,"Avec la «règle du bâillon mondial», Donald Trump va entraver l'accès à l'avortement dans le monde entier",2
informations,Slate.fr,27 janvier 2025 à 13h09,"Avec la «règle du bâillon mondial», Donald Trump va entraver l'accès à l'avortement dans le monde entier",1
sur,Slate.fr,27 janvier 2025 à 13h09,"Avec la «règle du bâillon mondial», Donald Trump va entraver l'accès à l'avortement dans le monde entier",1
possibilité,Slate.fr,27 janvier 2025 à 13h09,"Avec la «règle du bâillon mondial», Donald Trump va entraver l'accès à l'avortement dans le monde entier",1
"d'avorter,",Slate.fr,27 janvier 2025 à 13h09,"Avec la «règle du bâillon mondial», Donald Trump va entraver l'accès à l'avortement dans le monde entier",1
plaider,Slate.fr,27 janvier 2025 à 13h09,"Avec la «règle du bâillon mondial», Donald Trump va entraver l'accès à l'avortement dans le monde entier",1
faveur,Slate.fr,27 janvier 2025 à 13h09,"Avec la «règle du bâillon mondial», Donald Trump va entraver l'accès à l'avortement dans le monde entier",1
libéralisation,Slate.fr,27 janvier 2025 à 13h09,"Avec la «règle du bâillon mondial», Donald Trump va entraver l'accès à l'avortement dans le monde entier",1
"l'avortement,",Slate.fr,27 janvier 2025 à 13h09,"Avec la «règle du bâillon mondial», Donald Trump va entraver l'accès à l'avortement dans le monde entier",1
quelle,Slate.fr,27 janvier 2025 à 13h09,"Avec la «règle du bâillon mondial», Donald Trump va entraver l'accès à l'avortement dans le monde entier",1
que,Slate.fr,27 janvier 2025 à 13h09,"Avec la «règle du bâillon mondial», Donald Trump va entraver l'accès à l'avortement dans le monde entier",3
soit,Slate.fr,27 janvier 2025 à 13h09,"Avec la «règle du bâillon mondial», Donald Trump va entraver l'accès à l'avortement dans le monde entier",1
source,Slate.fr,27 janvier 2025 à 13h09,"Avec la «règle du bâillon mondial», Donald Trump va entraver l'accès à l'avortement dans le monde entier",1
l'argent,Slate.fr,27 janvier 2025 à 13h09,"Avec la «règle du bâillon mondial», Donald Trump va entraver l'accès à l'avortement dans le monde entier",1
qu'elles,Slate.fr,27 janvier 2025 à 13h09,"Avec la «règle du bâillon mondial», Donald Trump va entraver l'accès à l'avortement dans le monde entier",1
utilisent,Slate.fr,27 janvier 2025 à 13h09,"Avec la «règle du bâillon mondial», Donald Trump va entraver l'accès à l'avortement dans le monde entier",1
services»,Slate.fr,27 janvier 2025 à 13h09,"Avec la «règle du bâillon mondial», Donald Trump va entraver l'accès à l'avortement dans le monde entier",1
.,Slate.fr,27 janvier 2025 à 13h09,"Avec la «règle du bâillon mondial», Donald Trump va entraver l'accès à l'avortement dans le monde entier",5
Autrement,Slate.fr,27 janvier 2025 à 13h09,"Avec la «règle du bâillon mondial», Donald Trump va entraver l'accès à l'avortement dans le monde entier",1
"dit,",Slate.fr,27 janvier 2025 à 13h09,"Avec la «règle du bâillon mondial», Donald Trump va entraver l'accès à l'avortement dans le monde entier",1
d'après,Slate.fr,27 janvier 2025 à 13h09,"Avec la «règle du bâillon mondial», Donald Trump va entraver l'accès à l'avortement dans le monde entier",1
Guttmacher,Slate.fr,27 janvier 2025 à 13h09,"Avec la «règle du bâillon mondial», Donald Trump va entraver l'accès à l'avortement dans le monde entier",1
"Institute,",Slate.fr,27 janvier 2025 à 13h09,"Avec la «règle du bâillon mondial», Donald Trump va entraver l'accès à l'avortement dans le monde entier",1
organisation,Slate.fr,27 janvier 2025 à 13h09,"Avec la «règle du bâillon mondial», Donald Trump va entraver l'accès à l'avortement dans le monde entier",1
américaine,Slate.fr,27 janvier 2025 à 13h09,"Avec la «règle du bâillon mondial», Donald Trump va entraver l'accès à l'avortement dans le monde entier",3
soutien,Slate.fr,27 janvier 2025 à 13h09,"Avec la «règle du bâillon mondial», Donald Trump va entraver l'accès à l'avortement dans le monde entier",1
l',Slate.fr,27 janvier 2025 à 13h09,"Avec la «règle du bâillon mondial», Donald Trump va entraver l'accès à l'avortement dans le monde entier",1
avortement,Slate.fr,27 janvier 2025 à 13h09,"Avec la «règle du bâillon mondial», Donald Trump va entraver l'accès à l'avortement dans le monde entier",1
",",Slate.fr,27 janvier 2025 à 13h09,"Avec la «règle du bâillon mondial», Donald Trump va entraver l'accès à l'avortement dans le monde entier",5
«un,Slate.fr,27 janvier 2025 à 13h09,"Avec la «règle du bâillon mondial», Donald Trump va entraver l'accès à l'avortement dans le monde entier",1
seul,Slate.fr,27 janvier 2025 à 13h09,"Avec la «règle du bâillon mondial», Donald Trump va entraver l'accès à l'avortement dans le monde entier",1
dollar,Slate.fr,27 janvier 2025 à 13h09,"Avec la «règle du bâillon mondial», Donald Trump va entraver l'accès à l'avortement dans le monde entier",1
d'argent,Slate.fr,27 janvier 2025 à 13h09,"Avec la «règle du bâillon mondial», Donald Trump va entraver l'accès à l'avortement dans le monde entier",1
américain,Slate.fr,27 janvier 2025 à 13h09,"Avec la «règle du bâillon mondial», Donald Trump va entraver l'accès à l'avortement dans le monde entier",1
contamine,Slate.fr,27 janvier 2025 à 13h09,"Avec la «règle du bâillon mondial», Donald Trump va entraver l'accès à l'avortement dans le monde entier",1
l'ensemble,Slate.fr,27 janvier 2025 à 13h09,"Avec la «règle du bâillon mondial», Donald Trump va entraver l'accès à l'avortement dans le monde entier",1
budget,Slate.fr,27 janvier 2025 à 13h09,"Avec la «règle du bâillon mondial», Donald Trump va entraver l'accès à l'avortement dans le monde entier",1
fonctionnement,Slate.fr,27 janvier 2025 à 13h09,"Avec la «règle du bâillon mondial», Donald Trump va entraver l'accès à l'avortement dans le monde entier",1
organisation»,Slate.fr,27 janvier 2025 à 13h09,"Avec la «règle du bâillon mondial», Donald Trump va entraver l'accès à l'avortement dans le monde entier",1
un,Slate.fr,27 janvier 2025 à 13h09,"Avec la «règle du bâillon mondial», Donald Trump va entraver l'accès à l'avortement dans le monde entier",3
champs,Slate.fr,27 janvier 2025 à 13h09,"Avec la «règle du bâillon mondial», Donald Trump va entraver l'accès à l'avortement dans le monde entier",1
bataille,Slate.fr,27 janvier 2025 à 13h09,"Avec la «règle du bâillon mondial», Donald Trump va entraver l'accès à l'avortement dans le monde entier",1
symbolisent,Slate.fr,27 janvier 2025 à 13h09,"Avec la «règle du bâillon mondial», Donald Trump va entraver l'accès à l'avortement dans le monde entier",1
l'alternance,Slate.fr,27 janvier 2025 à 13h09,"Avec la «règle du bâillon mondial», Donald Trump va entraver l'accès à l'avortement dans le monde entier",1
Maison-Blanche,Slate.fr,27 janvier 2025 à 13h09,"Avec la «règle du bâillon mondial», Donald Trump va entraver l'accès à l'avortement dans le monde entier",1
entre,Slate.fr,27 janvier 2025 à 13h09,"Avec la «règle du bâillon mondial», Donald Trump va entraver l'accès à l'avortement dans le monde entier",1
Démocrates,Slate.fr,27 janvier 2025 à 13h09,"Avec la «règle du bâillon mondial», Donald Trump va entraver l'accès à l'avortement dans le monde entier",2
et,Slate.fr,27 janvier 2025 à 13h09,"Avec la «règle du bâillon mondial», Donald Trump va entraver l'accès à l'avortement dans le monde entier",5
Républicains.,Slate.fr,27 janvier 2025 à 13h09,"Avec la «règle du bâillon mondial», Donald Trump va entraver l'accès à l'avortement dans le monde entier",1
Déjà,Slate.fr,27 janvier 2025 à 13h09,"Avec la «règle du bâillon mondial», Donald Trump va entraver l'accès à l'avortement dans le monde entier",1
"2017,",Slate.fr,27 janvier 2025 à 13h09,"Avec la «règle du bâillon mondial», Donald Trump va entraver l'accès à l'avortement dans le monde entier",1
l'avait,Slate.fr,27 janvier 2025 à 13h09,"Avec la «règle du bâillon mondial», Donald Trump va entraver l'accès à l'avortement dans le monde entier",2
rétablie;,Slate.fr,27 janvier 2025 à 13h09,"Avec la «règle du bâillon mondial», Donald Trump va entraver l'accès à l'avortement dans le monde entier",1
"2021,",Slate.fr,27 janvier 2025 à 13h09,"Avec la «règle du bâillon mondial», Donald Trump va entraver l'accès à l'avortement dans le monde entier",1
Joe,Slate.fr,27 janvier 2025 à 13h09,"Avec la «règle du bâillon mondial», Donald Trump va entraver l'accès à l'avortement dans le monde entier",2
Biden,Slate.fr,27 janvier 2025 à 13h09,"Avec la «règle du bâillon mondial», Donald Trump va entraver l'accès à l'avortement dans le monde entier",2
abrogée,Slate.fr,27 janvier 2025 à 13h09,"Avec la «règle du bâillon mondial», Donald Trump va entraver l'accès à l'avortement dans le monde entier",1
«Chaque,Slate.fr,27 janvier 2025 à 13h09,"Avec la «règle du bâillon mondial», Donald Trump va entraver l'accès à l'avortement dans le monde entier",1
fois,Slate.fr,27 janvier 2025 à 13h09,"Avec la «règle du bâillon mondial», Donald Trump va entraver l'accès à l'avortement dans le monde entier",1
cette,Slate.fr,27 janvier 2025 à 13h09,"Avec la «règle du bâillon mondial», Donald Trump va entraver l'accès à l'avortement dans le monde entier",1
politique,Slate.fr,27 janvier 2025 à 13h09,"Avec la «règle du bâillon mondial», Donald Trump va entraver l'accès à l'avortement dans le monde entier",1
adoptée…,Slate.fr,27 janvier 2025 à 13h09,"Avec la «règle du bâillon mondial», Donald Trump va entraver l'accès à l'avortement dans le monde entier",1
cliniques,Slate.fr,27 janvier 2025 à 13h09,"Avec la «règle du bâillon mondial», Donald Trump va entraver l'accès à l'avortement dans le monde entier",1
soins,Slate.fr,27 janvier 2025 à 13h09,"Avec la «règle du bâillon mondial», Donald Trump va entraver l'accès à l'avortement dans le monde entier",1
nombreux,Slate.fr,27 janvier 2025 à 13h09,"Avec la «règle du bâillon mondial», Donald Trump va entraver l'accès à l'avortement dans le monde entier",1
ont,Slate.fr,27 janvier 2025 à 13h09,"Avec la «règle du bâillon mondial», Donald Trump va entraver l'accès à l'avortement dans le monde entier",4
obligées,Slate.fr,27 janvier 2025 à 13h09,"Avec la «règle du bâillon mondial», Donald Trump va entraver l'accès à l'avortement dans le monde entier",1
fermer,Slate.fr,27 janvier 2025 à 13h09,"Avec la «règle du bâillon mondial», Donald Trump va entraver l'accès à l'avortement dans le monde entier",1
services,Slate.fr,27 janvier 2025 à 13h09,"Avec la «règle du bâillon mondial», Donald Trump va entraver l'accès à l'avortement dans le monde entier",1
proximité,Slate.fr,27 janvier 2025 à 13h09,"Avec la «règle du bâillon mondial», Donald Trump va entraver l'accès à l'avortement dans le monde entier",1
populations,Slate.fr,27 janvier 2025 à 13h09,"Avec la «règle du bâillon mondial», Donald Trump va entraver l'accès à l'avortement dans le monde entier",1
plus,Slate.fr,27 janvier 2025 à 13h09,"Avec la «règle du bâillon mondial», Donald Trump va entraver l'accès à l'avortement dans le monde entier",2
difficiles,Slate.fr,27 janvier 2025 à 13h09,"Avec la «règle du bâillon mondial», Donald Trump va entraver l'accès à l'avortement dans le monde entier",1
atteindre,Slate.fr,27 janvier 2025 à 13h09,"Avec la «règle du bâillon mondial», Donald Trump va entraver l'accès à l'avortement dans le monde entier",1
supprimés»,Slate.fr,27 janvier 2025 à 13h09,"Avec la «règle du bâillon mondial», Donald Trump va entraver l'accès à l'avortement dans le monde entier",1
déclaré,Slate.fr,27 janvier 2025 à 13h09,"Avec la «règle du bâillon mondial», Donald Trump va entraver l'accès à l'avortement dans le monde entier",2
communiqué,Slate.fr,27 janvier 2025 à 13h09,"Avec la «règle du bâillon mondial», Donald Trump va entraver l'accès à l'avortement dans le monde entier",1
Dilly,Slate.fr,27 janvier 2025 à 13h09,"Avec la «règle du bâillon mondial», Donald Trump va entraver l'accès à l'avortement dans le monde entier",1
"Severin,",Slate.fr,27 janvier 2025 à 13h09,"Avec la «règle du bâillon mondial», Donald Trump va entraver l'accès à l'avortement dans le monde entier",1
directrice,Slate.fr,27 janvier 2025 à 13h09,"Avec la «règle du bâillon mondial», Donald Trump va entraver l'accès à l'avortement dans le monde entier",1
exécutive,Slate.fr,27 janvier 2025 à 13h09,"Avec la «règle du bâillon mondial», Donald Trump va entraver l'accès à l'avortement dans le monde entier",1
Universal,Slate.fr,27 janvier 2025 à 13h09,"Avec la «règle du bâillon mondial», Donald Trump va entraver l'accès à l'avortement dans le monde entier",1
Access,Slate.fr,27 janvier 2025 à 13h09,"Avec la «règle du bâillon mondial», Donald Trump va entraver l'accès à l'avortement dans le monde entier",1
Project,Slate.fr,27 janvier 2025 à 13h09,"Avec la «règle du bâillon mondial», Donald Trump va entraver l'accès à l'avortement dans le monde entier",1
Fondation,Slate.fr,27 janvier 2025 à 13h09,"Avec la «règle du bâillon mondial», Donald Trump va entraver l'accès à l'avortement dans le monde entier",1
Nations,Slate.fr,27 janvier 2025 à 13h09,"Avec la «règle du bâillon mondial», Donald Trump va entraver l'accès à l'avortement dans le monde entier",1
unies.,Slate.fr,27 janvier 2025 à 13h09,"Avec la «règle du bâillon mondial», Donald Trump va entraver l'accès à l'avortement dans le monde entier",1
D'après,Slate.fr,27 janvier 2025 à 13h09,"Avec la «règle du bâillon mondial», Donald Trump va entraver l'accès à l'avortement dans le monde entier",2
certaines,Slate.fr,27 janvier 2025 à 13h09,"Avec la «règle du bâillon mondial», Donald Trump va entraver l'accès à l'avortement dans le monde entier",1
"organisations,",Slate.fr,27 janvier 2025 à 13h09,"Avec la «règle du bâillon mondial», Donald Trump va entraver l'accès à l'avortement dans le monde entier",1
l'application,Slate.fr,27 janvier 2025 à 13h09,"Avec la «règle du bâillon mondial», Donald Trump va entraver l'accès à l'avortement dans le monde entier",1
aurait,Slate.fr,27 janvier 2025 à 13h09,"Avec la «règle du bâillon mondial», Donald Trump va entraver l'accès à l'avortement dans le monde entier",1
conséquences,Slate.fr,27 janvier 2025 à 13h09,"Avec la «règle du bâillon mondial», Donald Trump va entraver l'accès à l'avortement dans le monde entier",1
mortelles,Slate.fr,27 janvier 2025 à 13h09,"Avec la «règle du bâillon mondial», Donald Trump va entraver l'accès à l'avortement dans le monde entier",1
Lors,Slate.fr,27 janvier 2025 à 13h09,"Avec la «règle du bâillon mondial», Donald Trump va entraver l'accès à l'avortement dans le monde entier",1
premier,Slate.fr,27 janvier 2025 à 13h09,"Avec la «règle du bâillon mondial», Donald Trump va entraver l'accès à l'avortement dans le monde entier",1
Fédération,Slate.fr,27 janvier 2025 à 13h09,"Avec la «règle du bâillon mondial», Donald Trump va entraver l'accès à l'avortement dans le monde entier",1
internationale,Slate.fr,27 janvier 2025 à 13h09,"Avec la «règle du bâillon mondial», Donald Trump va entraver l'accès à l'avortement dans le monde entier",1
plannings,Slate.fr,27 janvier 2025 à 13h09,"Avec la «règle du bâillon mondial», Donald Trump va entraver l'accès à l'avortement dans le monde entier",1
familiaux,Slate.fr,27 janvier 2025 à 13h09,"Avec la «règle du bâillon mondial», Donald Trump va entraver l'accès à l'avortement dans le monde entier",1
(IPPF),Slate.fr,27 janvier 2025 à 13h09,"Avec la «règle du bâillon mondial», Donald Trump va entraver l'accès à l'avortement dans le monde entier",1
dû,Slate.fr,27 janvier 2025 à 13h09,"Avec la «règle du bâillon mondial», Donald Trump va entraver l'accès à l'avortement dans le monde entier",1
renoncer,Slate.fr,27 janvier 2025 à 13h09,"Avec la «règle du bâillon mondial», Donald Trump va entraver l'accès à l'avortement dans le monde entier",1
environ,Slate.fr,27 janvier 2025 à 13h09,"Avec la «règle du bâillon mondial», Donald Trump va entraver l'accès à l'avortement dans le monde entier",1
100,Slate.fr,27 janvier 2025 à 13h09,"Avec la «règle du bâillon mondial», Donald Trump va entraver l'accès à l'avortement dans le monde entier",1
millions,Slate.fr,27 janvier 2025 à 13h09,"Avec la «règle du bâillon mondial», Donald Trump va entraver l'accès à l'avortement dans le monde entier",2
dollars,Slate.fr,27 janvier 2025 à 13h09,"Avec la «règle du bâillon mondial», Donald Trump va entraver l'accès à l'avortement dans le monde entier",2
d'aide,Slate.fr,27 janvier 2025 à 13h09,"Avec la «règle du bâillon mondial», Donald Trump va entraver l'accès à l'avortement dans le monde entier",2
pouvoir,Slate.fr,27 janvier 2025 à 13h09,"Avec la «règle du bâillon mondial», Donald Trump va entraver l'accès à l'avortement dans le monde entier",1
continuer,Slate.fr,27 janvier 2025 à 13h09,"Avec la «règle du bâillon mondial», Donald Trump va entraver l'accès à l'avortement dans le monde entier",1
actions.,Slate.fr,27 janvier 2025 à 13h09,"Avec la «règle du bâillon mondial», Donald Trump va entraver l'accès à l'avortement dans le monde entier",1
Des,Slate.fr,27 janvier 2025 à 13h09,"Avec la «règle du bâillon mondial», Donald Trump va entraver l'accès à l'avortement dans le monde entier",1
aides,Slate.fr,27 janvier 2025 à 13h09,"Avec la «règle du bâillon mondial», Donald Trump va entraver l'accès à l'avortement dans le monde entier",1
"qui,",Slate.fr,27 janvier 2025 à 13h09,"Avec la «règle du bâillon mondial», Donald Trump va entraver l'accès à l'avortement dans le monde entier",1
selon,Slate.fr,27 janvier 2025 à 13h09,"Avec la «règle du bâillon mondial», Donald Trump va entraver l'accès à l'avortement dans le monde entier",1
"l'IPPF,",Slate.fr,27 janvier 2025 à 13h09,"Avec la «règle du bâillon mondial», Donald Trump va entraver l'accès à l'avortement dans le monde entier",1
auraient,Slate.fr,27 janvier 2025 à 13h09,"Avec la «règle du bâillon mondial», Donald Trump va entraver l'accès à l'avortement dans le monde entier",1
permis,Slate.fr,27 janvier 2025 à 13h09,"Avec la «règle du bâillon mondial», Donald Trump va entraver l'accès à l'avortement dans le monde entier",1
"d'empêcher,",Slate.fr,27 janvier 2025 à 13h09,"Avec la «règle du bâillon mondial», Donald Trump va entraver l'accès à l'avortement dans le monde entier",1
niveau,Slate.fr,27 janvier 2025 à 13h09,"Avec la «règle du bâillon mondial», Donald Trump va entraver l'accès à l'avortement dans le monde entier",1
"mondial,",Slate.fr,27 janvier 2025 à 13h09,"Avec la «règle du bâillon mondial», Donald Trump va entraver l'accès à l'avortement dans le monde entier",1
20.000,Slate.fr,27 janvier 2025 à 13h09,"Avec la «règle du bâillon mondial», Donald Trump va entraver l'accès à l'avortement dans le monde entier",1
décès,Slate.fr,27 janvier 2025 à 13h09,"Avec la «règle du bâillon mondial», Donald Trump va entraver l'accès à l'avortement dans le monde entier",1
"maternels,",Slate.fr,27 janvier 2025 à 13h09,"Avec la «règle du bâillon mondial», Donald Trump va entraver l'accès à l'avortement dans le monde entier",1
"4,8",Slate.fr,27 janvier 2025 à 13h09,"Avec la «règle du bâillon mondial», Donald Trump va entraver l'accès à l'avortement dans le monde entier",1
grossesses,Slate.fr,27 janvier 2025 à 13h09,"Avec la «règle du bâillon mondial», Donald Trump va entraver l'accès à l'avortement dans le monde entier",1
"désirées,",Slate.fr,27 janvier 2025 à 13h09,"Avec la «règle du bâillon mondial», Donald Trump va entraver l'accès à l'avortement dans le monde entier",1
"1,7",Slate.fr,27 janvier 2025 à 13h09,"Avec la «règle du bâillon mondial», Donald Trump va entraver l'accès à l'avortement dans le monde entier",1
million,Slate.fr,27 janvier 2025 à 13h09,"Avec la «règle du bâillon mondial», Donald Trump va entraver l'accès à l'avortement dans le monde entier",1
risque.,Slate.fr,27 janvier 2025 à 13h09,"Avec la «règle du bâillon mondial», Donald Trump va entraver l'accès à l'avortement dans le monde entier",1
"l'organisme,",Slate.fr,27 janvier 2025 à 13h09,"Avec la «règle du bâillon mondial», Donald Trump va entraver l'accès à l'avortement dans le monde entier",1
zones,Slate.fr,27 janvier 2025 à 13h09,"Avec la «règle du bâillon mondial», Donald Trump va entraver l'accès à l'avortement dans le monde entier",1
touchées,Slate.fr,27 janvier 2025 à 13h09,"Avec la «règle du bâillon mondial», Donald Trump va entraver l'accès à l'avortement dans le monde entier",1
étaient,Slate.fr,27 janvier 2025 à 13h09,"Avec la «règle du bâillon mondial», Donald Trump va entraver l'accès à l'avortement dans le monde entier",1
l'Afrique,Slate.fr,27 janvier 2025 à 13h09,"Avec la «règle du bâillon mondial», Donald Trump va entraver l'accès à l'avortement dans le monde entier",1
"subsaharienne,",Slate.fr,27 janvier 2025 à 13h09,"Avec la «règle du bâillon mondial», Donald Trump va entraver l'accès à l'avortement dans le monde entier",1
l'Asie,Slate.fr,27 janvier 2025 à 13h09,"Avec la «règle du bâillon mondial», Donald Trump va entraver l'accès à l'avortement dans le monde entier",1
"Sud,",Slate.fr,27 janvier 2025 à 13h09,"Avec la «règle du bâillon mondial», Donald Trump va entraver l'accès à l'avortement dans le monde entier",1
l'Amérique,Slate.fr,27 janvier 2025 à 13h09,"Avec la «règle du bâillon mondial», Donald Trump va entraver l'accès à l'avortement dans le monde entier",1
latine,Slate.fr,27 janvier 2025 à 13h09,"Avec la «règle du bâillon mondial», Donald Trump va entraver l'accès à l'avortement dans le monde entier",1
Caraïbes.,Slate.fr,27 janvier 2025 à 13h09,"Avec la «règle du bâillon mondial», Donald Trump va entraver l'accès à l'avortement dans le monde entier",1
En,Slate.fr,27 janvier 2025 à 13h09,"Avec la «règle du bâillon mondial», Donald Trump va entraver l'accès à l'avortement dans le monde entier",1
septembre,Slate.fr,27 janvier 2025 à 13h09,"Avec la «règle du bâillon mondial», Donald Trump va entraver l'accès à l'avortement dans le monde entier",1
"2024,",Slate.fr,27 janvier 2025 à 13h09,"Avec la «règle du bâillon mondial», Donald Trump va entraver l'accès à l'avortement dans le monde entier",1
fin,Slate.fr,27 janvier 2025 à 13h09,"Avec la «règle du bâillon mondial», Donald Trump va entraver l'accès à l'avortement dans le monde entier",1
pourtant,Slate.fr,27 janvier 2025 à 13h09,"Avec la «règle du bâillon mondial», Donald Trump va entraver l'accès à l'avortement dans le monde entier",1
cherché,Slate.fr,27 janvier 2025 à 13h09,"Avec la «règle du bâillon mondial», Donald Trump va entraver l'accès à l'avortement dans le monde entier",1
abroger,Slate.fr,27 janvier 2025 à 13h09,"Avec la «règle du bâillon mondial», Donald Trump va entraver l'accès à l'avortement dans le monde entier",1
définitivement,Slate.fr,27 janvier 2025 à 13h09,"Avec la «règle du bâillon mondial», Donald Trump va entraver l'accès à l'avortement dans le monde entier",1
texte.,Slate.fr,27 janvier 2025 à 13h09,"Avec la «règle du bâillon mondial», Donald Trump va entraver l'accès à l'avortement dans le monde entier",1
Pour,Slate.fr,27 janvier 2025 à 13h09,"Avec la «règle du bâillon mondial», Donald Trump va entraver l'accès à l'avortement dans le monde entier",1
ce,Slate.fr,27 janvier 2025 à 13h09,"Avec la «règle du bâillon mondial», Donald Trump va entraver l'accès à l'avortement dans le monde entier",2
"faire,",Slate.fr,27 janvier 2025 à 13h09,"Avec la «règle du bâillon mondial», Donald Trump va entraver l'accès à l'avortement dans le monde entier",1
ils,Slate.fr,27 janvier 2025 à 13h09,"Avec la «règle du bâillon mondial», Donald Trump va entraver l'accès à l'avortement dans le monde entier",1
présenté,Slate.fr,27 janvier 2025 à 13h09,"Avec la «règle du bâillon mondial», Donald Trump va entraver l'accès à l'avortement dans le monde entier",1
devant,Slate.fr,27 janvier 2025 à 13h09,"Avec la «règle du bâillon mondial», Donald Trump va entraver l'accès à l'avortement dans le monde entier",1
Congrès,Slate.fr,27 janvier 2025 à 13h09,"Avec la «règle du bâillon mondial», Donald Trump va entraver l'accès à l'avortement dans le monde entier",1
Global,Slate.fr,27 janvier 2025 à 13h09,"Avec la «règle du bâillon mondial», Donald Trump va entraver l'accès à l'avortement dans le monde entier",1
"Health,",Slate.fr,27 janvier 2025 à 13h09,"Avec la «règle du bâillon mondial», Donald Trump va entraver l'accès à l'avortement dans le monde entier",1
"Empowerment,",Slate.fr,27 janvier 2025 à 13h09,"Avec la «règle du bâillon mondial», Donald Trump va entraver l'accès à l'avortement dans le monde entier",1
and,Slate.fr,27 janvier 2025 à 13h09,"Avec la «règle du bâillon mondial», Donald Trump va entraver l'accès à l'avortement dans le monde entier",1
Rights,Slate.fr,27 janvier 2025 à 13h09,"Avec la «règle du bâillon mondial», Donald Trump va entraver l'accès à l'avortement dans le monde entier",1
Act,Slate.fr,27 janvier 2025 à 13h09,"Avec la «règle du bâillon mondial», Donald Trump va entraver l'accès à l'avortement dans le monde entier",1
«Ce,Slate.fr,27 janvier 2025 à 13h09,"Avec la «règle du bâillon mondial», Donald Trump va entraver l'accès à l'avortement dans le monde entier",1
projet,Slate.fr,27 janvier 2025 à 13h09,"Avec la «règle du bâillon mondial», Donald Trump va entraver l'accès à l'avortement dans le monde entier",1
concerne,Slate.fr,27 janvier 2025 à 13h09,"Avec la «règle du bâillon mondial», Donald Trump va entraver l'accès à l'avortement dans le monde entier",1
seulement,Slate.fr,27 janvier 2025 à 13h09,"Avec la «règle du bâillon mondial», Donald Trump va entraver l'accès à l'avortement dans le monde entier",1
santé:,Slate.fr,27 janvier 2025 à 13h09,"Avec la «règle du bâillon mondial», Donald Trump va entraver l'accès à l'avortement dans le monde entier",1
il,Slate.fr,27 janvier 2025 à 13h09,"Avec la «règle du bâillon mondial», Donald Trump va entraver l'accès à l'avortement dans le monde entier",1
garantit,Slate.fr,27 janvier 2025 à 13h09,"Avec la «règle du bâillon mondial», Donald Trump va entraver l'accès à l'avortement dans le monde entier",1
étrangère,Slate.fr,27 janvier 2025 à 13h09,"Avec la «règle du bâillon mondial», Donald Trump va entraver l'accès à l'avortement dans le monde entier",1
seront,Slate.fr,27 janvier 2025 à 13h09,"Avec la «règle du bâillon mondial», Donald Trump va entraver l'accès à l'avortement dans le monde entier",1
jamais,Slate.fr,27 janvier 2025 à 13h09,"Avec la «règle du bâillon mondial», Donald Trump va entraver l'accès à l'avortement dans le monde entier",1
utilisés,Slate.fr,27 janvier 2025 à 13h09,"Avec la «règle du bâillon mondial», Donald Trump va entraver l'accès à l'avortement dans le monde entier",1
comme,Slate.fr,27 janvier 2025 à 13h09,"Avec la «règle du bâillon mondial», Donald Trump va entraver l'accès à l'avortement dans le monde entier",1
outil,Slate.fr,27 janvier 2025 à 13h09,"Avec la «règle du bâillon mondial», Donald Trump va entraver l'accès à l'avortement dans le monde entier",1
d'oppression»,Slate.fr,27 janvier 2025 à 13h09,"Avec la «règle du bâillon mondial», Donald Trump va entraver l'accès à l'avortement dans le monde entier",1
déclarait,Slate.fr,27 janvier 2025 à 13h09,"Avec la «règle du bâillon mondial», Donald Trump va entraver l'accès à l'avortement dans le monde entier",1
"propos,",Slate.fr,27 janvier 2025 à 13h09,"Avec la «règle du bâillon mondial», Donald Trump va entraver l'accès à l'avortement dans le monde entier",1
"2023,",Slate.fr,27 janvier 2025 à 13h09,"Avec la «règle du bâillon mondial», Donald Trump va entraver l'accès à l'avortement dans le monde entier",1
Barbara,Slate.fr,27 janvier 2025 à 13h09,"Avec la «règle du bâillon mondial», Donald Trump va entraver l'accès à l'avortement dans le monde entier",1
"Lee,",Slate.fr,27 janvier 2025 à 13h09,"Avec la «règle du bâillon mondial», Donald Trump va entraver l'accès à l'avortement dans le monde entier",1
ancienne,Slate.fr,27 janvier 2025 à 13h09,"Avec la «règle du bâillon mondial», Donald Trump va entraver l'accès à l'avortement dans le monde entier",1
représentante,Slate.fr,27 janvier 2025 à 13h09,"Avec la «règle du bâillon mondial», Donald Trump va entraver l'accès à l'avortement dans le monde entier",1
démocrate,Slate.fr,27 janvier 2025 à 13h09,"Avec la «règle du bâillon mondial», Donald Trump va entraver l'accès à l'avortement dans le monde entier",1
Californie.,Slate.fr,27 janvier 2025 à 13h09,"Avec la «règle du bâillon mondial», Donald Trump va entraver l'accès à l'avortement dans le monde entier",1
Le,Slate.fr,27 janvier 2025 à 13h09,"Avec la «règle du bâillon mondial», Donald Trump va entraver l'accès à l'avortement dans le monde entier",1
n'a,Slate.fr,27 janvier 2025 à 13h09,"Avec la «règle du bâillon mondial», Donald Trump va entraver l'accès à l'avortement dans le monde entier",1
cependant,Slate.fr,27 janvier 2025 à 13h09,"Avec la «règle du bâillon mondial», Donald Trump va entraver l'accès à l'avortement dans le monde entier",1
adopté.,Slate.fr,27 janvier 2025 à 13h09,"Avec la «règle du bâillon mondial», Donald Trump va entraver l'accès à l'avortement dans le monde entier",1
Robin,Slate.fr,27 janvier 2025 à 13h09,"Avec la «règle du bâillon mondial», Donald Trump va entraver l'accès à l'avortement dans le monde entier",1
Couturier,Slate.fr,27 janvier 2025 à 13h09,"Avec la «règle du bâillon mondial», Donald Trump va entraver l'accès à l'avortement dans le monde entier",1
